raw_week_label,week_label,week_start,week_end,year,week_number,month_number,month_label,quarter_label,display_label
2017W53,2017W53,2017-12-31,2018-01-06,2017,53,12,Dec 2017,Q4,2017 Week 53
2018W02,2018W02,2018-01-07,2018-01-13,2018,2,1,Jan 2018,Q1,2018 Week 02
2018W03,2018W03,2018-01-14,2018-01-20,2018,3,1,Jan 2018,Q1,2018 Week 03
2018W04,2018W04,2018-01-21,2018-01-27,2018,4,1,Jan 2018,Q1,2018 Week 04
2018W05,2018W05,2018-01-28,2018-02-03,2018,5,1,Jan 2018,Q1,2018 Week 05
2018W06,2018W06,2018-02-04,2018-02-10,2018,6,2,Feb 2018,Q1,2018 Week 06
2018W07,2018W07,2018-02-11,2018-02-17,2018,7,2,Feb 2018,Q1,2018 Week 07
2018W08,2018W08,2018-02-18,2018-02-24,2018,8,2,Feb 2018,Q1,2018 Week 08
2018W09,2018W09,2018-02-25,2018-03-03,2018,9,2,Feb 2018,Q1,2018 Week 09
2018W10,2018W10,2018-03-04,2018-03-10,2018,10,3,Mar 2018,Q1,2018 Week 10
2018W11,2018W11,2018-03-11,2018-03-17,2018,11,3,Mar 2018,Q1,2018 Week 11
2018W12,2018W12,2018-03-18,2018-03-24,2018,12,3,Mar 2018,Q1,2018 Week 12
2018W13,2018W13,2018-03-25,2018-03-31,2018,13,3,Mar 2018,Q1,2018 Week 13
2018W14,2018W14,2018-04-01,2018-04-07,2018,14,4,Apr 2018,Q2,2018 Week 14
2018W15,2018W15,2018-04-08,2018-04-14,2018,15,4,Apr 2018,Q2,2018 Week 15
2018W16,2018W16,2018-04-15,2018-04-21,2018,16,4,Apr 2018,Q2,2018 Week 16
2018W17,2018W17,2018-04-22,2018-04-28,2018,17,4,Apr 2018,Q2,2018 Week 17
2018W18,2018W18,2018-04-29,2018-05-05,2018,18,4,Apr 2018,Q2,2018 Week 18
2018W19,2018W19,2018-05-06,2018-05-12,2018,19,5,May 2018,Q2,2018 Week 19
2018W20,2018W20,2018-05-13,2018-05-19,2018,20,5,May 2018,Q2,2018 Week 20
2018W21,2018W21,2018-05-20,2018-05-26,2018,21,5,May 2018,Q2,2018 Week 21
2018W22,2018W22,2018-05-27,2018-06-02,2018,22,5,May 2018,Q2,2018 Week 22
2018W23,2018W23,2018-06-03,2018-06-09,2018,23,6,Jun 2018,Q2,2018 Week 23
2018W24,2018W24,2018-06-10,2018-06-16,2018,24,6,Jun 2018,Q2,2018 Week 24
2018W25,2018W25,2018-06-17,2018-06-23,2018,25,6,Jun 2018,Q2,2018 Week 25
2018W26,2018W26,2018-06-24,2018-06-30,2018,26,6,Jun 2018,Q2,2018 Week 26
2018W27,2018W27,2018-07-01,2018-07-07,2018,27,7,Jul 2018,Q3,2018 Week 27
2018W28,2018W28,2018-07-08,2018-07-14,2018,28,7,Jul 2018,Q3,2018 Week 28
2018W29,2018W29,2018-07-15,2018-07-21,2018,29,7,Jul 2018,Q3,2018 Week 29
2018W30,2018W30,2018-07-22,2018-07-28,2018,30,7,Jul 2018,Q3,2018 Week 30
2018W31,2018W31,2018-07-29,2018-08-04,2018,31,7,Jul 2018,Q3,2018 Week 31
2018W32,2018W32,2018-08-05,2018-08-11,2018,32,8,Aug 2018,Q3,2018 Week 32
2018W33,2018W33,2018-08-12,2018-08-18,2018,33,8,Aug 2018,Q3,2018 Week 33
2018W34,2018W34,2018-08-19,2018-08-25,2018,34,8,Aug 2018,Q3,2018 Week 34
2018W35,2018W35,2018-08-26,2018-09-01,2018,35,8,Aug 2018,Q3,2018 Week 35
2018W36,2018W36,2018-09-02,2018-09-08,2018,36,9,Sep 2018,Q3,2018 Week 36
2018W37,2018W37,2018-09-09,2018-09-15,2018,37,9,Sep 2018,Q3,2018 Week 37
2018W38,2018W38,2018-09-16,2018-09-22,2018,38,9,Sep 2018,Q3,2018 Week 38
2018W39,2018W39,2018-09-23,2018-09-29,2018,39,9,Sep 2018,Q3,2018 Week 39
2018W40,2018W40,2018-09-30,2018-10-06,2018,40,9,Sep 2018,Q3,2018 Week 40
2018W41,2018W41,2018-10-07,2018-10-13,2018,41,10,Oct 2018,Q4,2018 Week 41
2018W42,2018W42,2018-10-14,2018-10-20,2018,42,10,Oct 2018,Q4,2018 Week 42
2018W43,2018W43,2018-10-21,2018-10-27,2018,43,10,Oct 2018,Q4,2018 Week 43
2018W44,2018W44,2018-10-28,2018-11-03,2018,44,10,Oct 2018,Q4,2018 Week 44
2018W45,2018W45,2018-11-04,2018-11-10,2018,45,11,Nov 2018,Q4,2018 Week 45
2018W46,2018W46,2018-11-11,2018-11-17,2018,46,11,Nov 2018,Q4,2018 Week 46
2018W47,2018W47,2018-11-18,2018-11-24,2018,47,11,Nov 2018,Q4,2018 Week 47
2018W48,2018W48,2018-11-25,2018-12-01,2018,48,11,Nov 2018,Q4,2018 Week 48
2018W49,2018W49,2018-12-02,2018-12-08,2018,49,12,Dec 2018,Q4,2018 Week 49
2018W50,2018W50,2018-12-09,2018-12-15,2018,50,12,Dec 2018,Q4,2018 Week 50
2018W51,2018W51,2018-12-16,2018-12-22,2018,51,12,Dec 2018,Q4,2018 Week 51
2018W52,2018W52,2018-12-23,2018-12-29,2018,52,12,Dec 2018,Q4,2018 Week 52
2018W53,2018W53,2018-12-30,2019-01-05,2018,53,12,Dec 2018,Q4,2018 Week 53
2019W02,2019W02,2019-01-06,2019-01-12,2019,2,1,Jan 2019,Q1,2019 Week 02
2019W03,2019W03,2019-01-13,2019-01-19,2019,3,1,Jan 2019,Q1,2019 Week 03
2019W04,2019W04,2019-01-20,2019-01-26,2019,4,1,Jan 2019,Q1,2019 Week 04
2019W05,2019W05,2019-01-27,2019-02-02,2019,5,1,Jan 2019,Q1,2019 Week 05
2019W06,2019W06,2019-02-03,2019-02-09,2019,6,2,Feb 2019,Q1,2019 Week 06
2019W07,2019W07,2019-02-10,2019-02-16,2019,7,2,Feb 2019,Q1,2019 Week 07
2019W08,2019W08,2019-02-17,2019-02-23,2019,8,2,Feb 2019,Q1,2019 Week 08
2019W09,2019W09,2019-02-24,2019-03-02,2019,9,2,Feb 2019,Q1,2019 Week 09
2019W10,2019W10,2019-03-03,2019-03-09,2019,10,3,Mar 2019,Q1,2019 Week 10
2019W11,2019W11,2019-03-10,2019-03-16,2019,11,3,Mar 2019,Q1,2019 Week 11
2019W12,2019W12,2019-03-17,2019-03-23,2019,12,3,Mar 2019,Q1,2019 Week 12
2019W13,2019W13,2019-03-24,2019-03-30,2019,13,3,Mar 2019,Q1,2019 Week 13
2019W14,2019W14,2019-03-31,2019-04-06,2019,14,3,Mar 2019,Q1,2019 Week 14
2019W15,2019W15,2019-04-07,2019-04-13,2019,15,4,Apr 2019,Q2,2019 Week 15
2019W16,2019W16,2019-04-14,2019-04-20,2019,16,4,Apr 2019,Q2,2019 Week 16
2019W17,2019W17,2019-04-21,2019-04-27,2019,17,4,Apr 2019,Q2,2019 Week 17
2019W18,2019W18,2019-04-28,2019-05-04,2019,18,4,Apr 2019,Q2,2019 Week 18
2019W19,2019W19,2019-05-05,2019-05-11,2019,19,5,May 2019,Q2,2019 Week 19
2019W20,2019W20,2019-05-12,2019-05-18,2019,20,5,May 2019,Q2,2019 Week 20
2019W21,2019W21,2019-05-19,2019-05-25,2019,21,5,May 2019,Q2,2019 Week 21
2019W22,2019W22,2019-05-26,2019-06-01,2019,22,5,May 2019,Q2,2019 Week 22
2019W23,2019W23,2019-06-02,2019-06-08,2019,23,6,Jun 2019,Q2,2019 Week 23
2019W24,2019W24,2019-06-09,2019-06-15,2019,24,6,Jun 2019,Q2,2019 Week 24
2019W25,2019W25,2019-06-16,2019-06-22,2019,25,6,Jun 2019,Q2,2019 Week 25
2019W26,2019W26,2019-06-23,2019-06-29,2019,26,6,Jun 2019,Q2,2019 Week 26
2019W27,2019W27,2019-06-30,2019-07-06,2019,27,6,Jun 2019,Q2,2019 Week 27
2019W28,2019W28,2019-07-07,2019-07-13,2019,28,7,Jul 2019,Q3,2019 Week 28
2019W29,2019W29,2019-07-14,2019-07-20,2019,29,7,Jul 2019,Q3,2019 Week 29
2019W30,2019W30,2019-07-21,2019-07-27,2019,30,7,Jul 2019,Q3,2019 Week 30
2019W31,2019W31,2019-07-28,2019-08-03,2019,31,7,Jul 2019,Q3,2019 Week 31
2019W32,2019W32,2019-08-04,2019-08-10,2019,32,8,Aug 2019,Q3,2019 Week 32
2019W33,2019W33,2019-08-11,2019-08-17,2019,33,8,Aug 2019,Q3,2019 Week 33
2019W34,2019W34,2019-08-18,2019-08-24,2019,34,8,Aug 2019,Q3,2019 Week 34
2019W35,2019W35,2019-08-25,2019-08-31,2019,35,8,Aug 2019,Q3,2019 Week 35
2019W36,2019W36,2019-09-01,2019-09-07,2019,36,9,Sep 2019,Q3,2019 Week 36
2019W37,2019W37,2019-09-08,2019-09-14,2019,37,9,Sep 2019,Q3,2019 Week 37
2019W38,2019W38,2019-09-15,2019-09-21,2019,38,9,Sep 2019,Q3,2019 Week 38
2019W39,2019W39,2019-09-22,2019-09-28,2019,39,9,Sep 2019,Q3,2019 Week 39
2019W40,2019W40,2019-09-29,2019-10-05,2019,40,9,Sep 2019,Q3,2019 Week 40
2019W41,2019W41,2019-10-06,2019-10-12,2019,41,10,Oct 2019,Q4,2019 Week 41
2019W42,2019W42,2019-10-13,2019-10-19,2019,42,10,Oct 2019,Q4,2019 Week 42
2019W43,2019W43,2019-10-20,2019-10-26,2019,43,10,Oct 2019,Q4,2019 Week 43
2019W44,2019W44,2019-10-27,2019-11-02,2019,44,10,Oct 2019,Q4,2019 Week 44
2019W45,2019W45,2019-11-03,2019-11-09,2019,45,11,Nov 2019,Q4,2019 Week 45
2019W46,2019W46,2019-11-10,2019-11-16,2019,46,11,Nov 2019,Q4,2019 Week 46
2019W47,2019W47,2019-11-17,2019-11-23,2019,47,11,Nov 2019,Q4,2019 Week 47
2019W48,2019W48,2019-11-24,2019-11-30,2019,48,11,Nov 2019,Q4,2019 Week 48
2019W49,2019W49,2019-12-01,2019-12-07,2019,49,12,Dec 2019,Q4,2019 Week 49
2019W50,2019W50,2019-12-08,2019-12-14,2019,50,12,Dec 2019,Q4,2019 Week 50
2019W51,2019W51,2019-12-15,2019-12-21,2019,51,12,Dec 2019,Q4,2019 Week 51
2019W52,2019W52,2019-12-22,2019-12-28,2019,52,12,Dec 2019,Q4,2019 Week 52
2019W53,2019W53,2019-12-29,2020-01-04,2019,53,12,Dec 2019,Q4,2019 Week 53
2020W02,2020W02,2020-01-05,2020-01-11,2020,2,1,Jan 2020,Q1,2020 Week 02
2020W03,2020W03,2020-01-12,2020-01-18,2020,3,1,Jan 2020,Q1,2020 Week 03
2020W04,2020W04,2020-01-19,2020-01-25,2020,4,1,Jan 2020,Q1,2020 Week 04
2020W05,2020W05,2020-01-26,2020-02-01,2020,5,1,Jan 2020,Q1,2020 Week 05
2020W06,2020W06,2020-02-02,2020-02-08,2020,6,2,Feb 2020,Q1,2020 Week 06
2020W07,2020W07,2020-02-09,2020-02-15,2020,7,2,Feb 2020,Q1,2020 Week 07
2020W08,2020W08,2020-02-16,2020-02-22,2020,8,2,Feb 2020,Q1,2020 Week 08
2020W09,2020W09,2020-02-23,2020-02-29,2020,9,2,Feb 2020,Q1,2020 Week 09
2020W10,2020W10,2020-03-01,2020-03-07,2020,10,3,Mar 2020,Q1,2020 Week 10
2020W11,2020W11,2020-03-08,2020-03-14,2020,11,3,Mar 2020,Q1,2020 Week 11
2020W12,2020W12,2020-03-15,2020-03-21,2020,12,3,Mar 2020,Q1,2020 Week 12
2020W13,2020W13,2020-03-22,2020-03-28,2020,13,3,Mar 2020,Q1,2020 Week 13
2020W14,2020W14,2020-03-29,2020-04-04,2020,14,3,Mar 2020,Q1,2020 Week 14
2020W15,2020W15,2020-04-05,2020-04-11,2020,15,4,Apr 2020,Q2,2020 Week 15
2020W16,2020W16,2020-04-12,2020-04-18,2020,16,4,Apr 2020,Q2,2020 Week 16
2020W17,2020W17,2020-04-19,2020-04-25,2020,17,4,Apr 2020,Q2,2020 Week 17
2020W18,2020W18,2020-04-26,2020-05-02,2020,18,4,Apr 2020,Q2,2020 Week 18
2020W19,2020W19,2020-05-03,2020-05-09,2020,19,5,May 2020,Q2,2020 Week 19
2020W20,2020W20,2020-05-10,2020-05-16,2020,20,5,May 2020,Q2,2020 Week 20
2020W21,2020W21,2020-05-17,2020-05-23,2020,21,5,May 2020,Q2,2020 Week 21
2020W22,2020W22,2020-05-24,2020-05-30,2020,22,5,May 2020,Q2,2020 Week 22
2020W23,2020W23,2020-05-31,2020-06-06,2020,23,5,May 2020,Q2,2020 Week 23
2020W24,2020W24,2020-06-07,2020-06-13,2020,24,6,Jun 2020,Q2,2020 Week 24
2020W25,2020W25,2020-06-14,2020-06-20,2020,25,6,Jun 2020,Q2,2020 Week 25
2020W26,2020W26,2020-06-21,2020-06-27,2020,26,6,Jun 2020,Q2,2020 Week 26
2020W27,2020W27,2020-06-28,2020-07-04,2020,27,6,Jun 2020,Q2,2020 Week 27
2020W28,2020W28,2020-07-05,2020-07-11,2020,28,7,Jul 2020,Q3,2020 Week 28
2020W29,2020W29,2020-07-12,2020-07-18,2020,29,7,Jul 2020,Q3,2020 Week 29
2020W30,2020W30,2020-07-19,2020-07-25,2020,30,7,Jul 2020,Q3,2020 Week 30
2020W31,2020W31,2020-07-26,2020-08-01,2020,31,7,Jul 2020,Q3,2020 Week 31
2020W32,2020W32,2020-08-02,2020-08-08,2020,32,8,Aug 2020,Q3,2020 Week 32
2020W33,2020W33,2020-08-09,2020-08-15,2020,33,8,Aug 2020,Q3,2020 Week 33
2020W34,2020W34,2020-08-16,2020-08-22,2020,34,8,Aug 2020,Q3,2020 Week 34
2020W35,2020W35,2020-08-23,2020-08-29,2020,35,8,Aug 2020,Q3,2020 Week 35
2020W36,2020W36,2020-08-30,2020-09-05,2020,36,8,Aug 2020,Q3,2020 Week 36
2020W37,2020W37,2020-09-06,2020-09-12,2020,37,9,Sep 2020,Q3,2020 Week 37
2020W38,2020W38,2020-09-13,2020-09-19,2020,38,9,Sep 2020,Q3,2020 Week 38
2020W39,2020W39,2020-09-20,2020-09-26,2020,39,9,Sep 2020,Q3,2020 Week 39
2020W40,2020W40,2020-09-27,2020-10-03,2020,40,9,Sep 2020,Q3,2020 Week 40
2020W41,2020W41,2020-10-04,2020-10-10,2020,41,10,Oct 2020,Q4,2020 Week 41
2020W42,2020W42,2020-10-11,2020-10-17,2020,42,10,Oct 2020,Q4,2020 Week 42
2020W43,2020W43,2020-10-18,2020-10-24,2020,43,10,Oct 2020,Q4,2020 Week 43
2020W44,2020W44,2020-10-25,2020-10-31,2020,44,10,Oct 2020,Q4,2020 Week 44
2020W45,2020W45,2020-11-01,2020-11-07,2020,45,11,Nov 2020,Q4,2020 Week 45
2020W46,2020W46,2020-11-08,2020-11-14,2020,46,11,Nov 2020,Q4,2020 Week 46
2020W47,2020W47,2020-11-15,2020-11-21,2020,47,11,Nov 2020,Q4,2020 Week 47
2020W48,2020W48,2020-11-22,2020-11-28,2020,48,11,Nov 2020,Q4,2020 Week 48
2020W49,2020W49,2020-11-29,2020-12-05,2020,49,11,Nov 2020,Q4,2020 Week 49
2020W50,2020W50,2020-12-06,2020-12-12,2020,50,12,Dec 2020,Q4,2020 Week 50
2020W51,2020W51,2020-12-13,2020-12-19,2020,51,12,Dec 2020,Q4,2020 Week 51
2020W52,2020W52,2020-12-20,2020-12-26,2020,52,12,Dec 2020,Q4,2020 Week 52
2020W53,2020W53,2020-12-27,2021-01-02,2020,53,12,Dec 2020,Q4,2020 Week 53
2021W02,2021W02,2021-01-03,2021-01-09,2021,2,1,Jan 2021,Q1,2021 Week 02
2021W03,2021W03,2021-01-10,2021-01-16,2021,3,1,Jan 2021,Q1,2021 Week 03
2021W04,2021W04,2021-01-17,2021-01-23,2021,4,1,Jan 2021,Q1,2021 Week 04
2021W05,2021W05,2021-01-24,2021-01-30,2021,5,1,Jan 2021,Q1,2021 Week 05
2021W06,2021W06,2021-01-31,2021-02-06,2021,6,1,Jan 2021,Q1,2021 Week 06
2021W07,2021W07,2021-02-07,2021-02-13,2021,7,2,Feb 2021,Q1,2021 Week 07
2021W08,2021W08,2021-02-14,2021-02-20,2021,8,2,Feb 2021,Q1,2021 Week 08
2021W09,2021W09,2021-02-21,2021-02-27,2021,9,2,Feb 2021,Q1,2021 Week 09
2021W10,2021W10,2021-02-28,2021-03-06,2021,10,2,Feb 2021,Q1,2021 Week 10
2021W11,2021W11,2021-03-07,2021-03-13,2021,11,3,Mar 2021,Q1,2021 Week 11
2021W12,2021W12,2021-03-14,2021-03-20,2021,12,3,Mar 2021,Q1,2021 Week 12
2021W13,2021W13,2021-03-21,2021-03-27,2021,13,3,Mar 2021,Q1,2021 Week 13
2021W14,2021W14,2021-03-28,2021-04-03,2021,14,3,Mar 2021,Q1,2021 Week 14
2021W15,2021W15,2021-04-04,2021-04-10,2021,15,4,Apr 2021,Q2,2021 Week 15
2021W16,2021W16,2021-04-11,2021-04-17,2021,16,4,Apr 2021,Q2,2021 Week 16
2021W17,2021W17,2021-04-18,2021-04-24,2021,17,4,Apr 2021,Q2,2021 Week 17
2021W18,2021W18,2021-04-25,2021-05-01,2021,18,4,Apr 2021,Q2,2021 Week 18
2021W19,2021W19,2021-05-02,2021-05-08,2021,19,5,May 2021,Q2,2021 Week 19
2021W20,2021W20,2021-05-09,2021-05-15,2021,20,5,May 2021,Q2,2021 Week 20
2021W21,2021W21,2021-05-16,2021-05-22,2021,21,5,May 2021,Q2,2021 Week 21
2021W22,2021W22,2021-05-23,2021-05-29,2021,22,5,May 2021,Q2,2021 Week 22
2021W23,2021W23,2021-05-30,2021-06-05,2021,23,5,May 2021,Q2,2021 Week 23
2021W24,2021W24,2021-06-06,2021-06-12,2021,24,6,Jun 2021,Q2,2021 Week 24
2021W25,2021W25,2021-06-13,2021-06-19,2021,25,6,Jun 2021,Q2,2021 Week 25
2021W26,2021W26,2021-06-20,2021-06-26,2021,26,6,Jun 2021,Q2,2021 Week 26
2021W27,2021W27,2021-06-27,2021-07-03,2021,27,6,Jun 2021,Q2,2021 Week 27
2021W28,2021W28,2021-07-04,2021-07-10,2021,28,7,Jul 2021,Q3,2021 Week 28
2021W29,2021W29,2021-07-11,2021-07-17,2021,29,7,Jul 2021,Q3,2021 Week 29
2021W30,2021W30,2021-07-18,2021-07-24,2021,30,7,Jul 2021,Q3,2021 Week 30
2021W31,2021W31,2021-07-25,2021-07-31,2021,31,7,Jul 2021,Q3,2021 Week 31
2021W32,2021W32,2021-08-01,2021-08-07,2021,32,8,Aug 2021,Q3,2021 Week 32
2021W33,2021W33,2021-08-08,2021-08-14,2021,33,8,Aug 2021,Q3,2021 Week 33
2021W34,2021W34,2021-08-15,2021-08-21,2021,34,8,Aug 2021,Q3,2021 Week 34
2021W35,2021W35,2021-08-22,2021-08-28,2021,35,8,Aug 2021,Q3,2021 Week 35
2021W36,2021W36,2021-08-29,2021-09-04,2021,36,8,Aug 2021,Q3,2021 Week 36
2021W37,2021W37,2021-09-05,2021-09-11,2021,37,9,Sep 2021,Q3,2021 Week 37
2021W38,2021W38,2021-09-12,2021-09-18,2021,38,9,Sep 2021,Q3,2021 Week 38
2021W39,2021W39,2021-09-19,2021-09-25,2021,39,9,Sep 2021,Q3,2021 Week 39
2021W40,2021W40,2021-09-26,2021-10-02,2021,40,9,Sep 2021,Q3,2021 Week 40
2021W41,2021W41,2021-10-03,2021-10-09,2021,41,10,Oct 2021,Q4,2021 Week 41
2021W42,2021W42,2021-10-10,2021-10-16,2021,42,10,Oct 2021,Q4,2021 Week 42
2021W43,2021W43,2021-10-17,2021-10-23,2021,43,10,Oct 2021,Q4,2021 Week 43
2021W44,2021W44,2021-10-24,2021-10-30,2021,44,10,Oct 2021,Q4,2021 Week 44
2021W45,2021W45,2021-10-31,2021-11-06,2021,45,10,Oct 2021,Q4,2021 Week 45
2021W46,2021W46,2021-11-07,2021-11-13,2021,46,11,Nov 2021,Q4,2021 Week 46
2021W47,2021W47,2021-11-14,2021-11-20,2021,47,11,Nov 2021,Q4,2021 Week 47
2021W48,2021W48,2021-11-21,2021-11-27,2021,48,11,Nov 2021,Q4,2021 Week 48
2021W49,2021W49,2021-11-28,2021-12-04,2021,49,11,Nov 2021,Q4,2021 Week 49
2021W50,2021W50,2021-12-05,2021-12-11,2021,50,12,Dec 2021,Q4,2021 Week 50
2021W51,2021W51,2021-12-12,2021-12-18,2021,51,12,Dec 2021,Q4,2021 Week 51
2021W52,2021W52,2021-12-19,2021-12-25,2021,52,12,Dec 2021,Q4,2021 Week 52
2021W53,2021W53,2021-12-26,2022-01-01,2021,53,12,Dec 2021,Q4,2021 Week 53
2022W02,2022W02,2022-01-02,2022-01-08,2022,2,1,Jan 2022,Q1,2022 Week 02
2022W03,2022W03,2022-01-09,2022-01-15,2022,3,1,Jan 2022,Q1,2022 Week 03
2022W04,2022W04,2022-01-16,2022-01-22,2022,4,1,Jan 2022,Q1,2022 Week 04
2022W05,2022W05,2022-01-23,2022-01-29,2022,5,1,Jan 2022,Q1,2022 Week 05
2022W06,2022W06,2022-01-30,2022-02-05,2022,6,1,Jan 2022,Q1,2022 Week 06
2022W07,2022W07,2022-02-06,2022-02-12,2022,7,2,Feb 2022,Q1,2022 Week 07
2022W08,2022W08,2022-02-13,2022-02-19,2022,8,2,Feb 2022,Q1,2022 Week 08
2022W09,2022W09,2022-02-20,2022-02-26,2022,9,2,Feb 2022,Q1,2022 Week 09
2022W10,2022W10,2022-02-27,2022-03-05,2022,10,2,Feb 2022,Q1,2022 Week 10
2022W11,2022W11,2022-03-06,2022-03-12,2022,11,3,Mar 2022,Q1,2022 Week 11
2022W12,2022W12,2022-03-13,2022-03-19,2022,12,3,Mar 2022,Q1,2022 Week 12
2022W13,2022W13,2022-03-20,2022-03-26,2022,13,3,Mar 2022,Q1,2022 Week 13
2022W14,2022W14,2022-03-27,2022-04-02,2022,14,3,Mar 2022,Q1,2022 Week 14
2022W15,2022W15,2022-04-03,2022-04-09,2022,15,4,Apr 2022,Q2,2022 Week 15
2022W16,2022W16,2022-04-10,2022-04-16,2022,16,4,Apr 2022,Q2,2022 Week 16
2022W17,2022W17,2022-04-17,2022-04-23,2022,17,4,Apr 2022,Q2,2022 Week 17
2022W18,2022W18,2022-04-24,2022-04-30,2022,18,4,Apr 2022,Q2,2022 Week 18
2022W19,2022W19,2022-05-01,2022-05-07,2022,19,5,May 2022,Q2,2022 Week 19
2022W20,2022W20,2022-05-08,2022-05-14,2022,20,5,May 2022,Q2,2022 Week 20
2022W21,2022W21,2022-05-15,2022-05-21,2022,21,5,May 2022,Q2,2022 Week 21
2022W22,2022W22,2022-05-22,2022-05-28,2022,22,5,May 2022,Q2,2022 Week 22
2022W23,2022W23,2022-05-29,2022-06-04,2022,23,5,May 2022,Q2,2022 Week 23
2022W24,2022W24,2022-06-05,2022-06-11,2022,24,6,Jun 2022,Q2,2022 Week 24
2022W25,2022W25,2022-06-12,2022-06-18,2022,25,6,Jun 2022,Q2,2022 Week 25
2022W26,2022W26,2022-06-19,2022-06-25,2022,26,6,Jun 2022,Q2,2022 Week 26
2022W27,2022W27,2022-06-26,2022-07-02,2022,27,6,Jun 2022,Q2,2022 Week 27
2022W28,2022W28,2022-07-03,2022-07-09,2022,28,7,Jul 2022,Q3,2022 Week 28
2022W29,2022W29,2022-07-10,2022-07-16,2022,29,7,Jul 2022,Q3,2022 Week 29
2022W30,2022W30,2022-07-17,2022-07-23,2022,30,7,Jul 2022,Q3,2022 Week 30
2022W31,2022W31,2022-07-24,2022-07-30,2022,31,7,Jul 2022,Q3,2022 Week 31
2022W32,2022W32,2022-07-31,2022-08-06,2022,32,7,Jul 2022,Q3,2022 Week 32
2022W33,2022W33,2022-08-07,2022-08-13,2022,33,8,Aug 2022,Q3,2022 Week 33
2022W34,2022W34,2022-08-14,2022-08-20,2022,34,8,Aug 2022,Q3,2022 Week 34
2022W35,2022W35,2022-08-21,2022-08-27,2022,35,8,Aug 2022,Q3,2022 Week 35
2022W36,2022W36,2022-08-28,2022-09-03,2022,36,8,Aug 2022,Q3,2022 Week 36
2022W37,2022W37,2022-09-04,2022-09-10,2022,37,9,Sep 2022,Q3,2022 Week 37
2022W38,2022W38,2022-09-11,2022-09-17,2022,38,9,Sep 2022,Q3,2022 Week 38
2022W39,2022W39,2022-09-18,2022-09-24,2022,39,9,Sep 2022,Q3,2022 Week 39
2022W40,2022W40,2022-09-25,2022-10-01,2022,40,9,Sep 2022,Q3,2022 Week 40
2022W41,2022W41,2022-10-02,2022-10-08,2022,41,10,Oct 2022,Q4,2022 Week 41
2022W42,2022W42,2022-10-09,2022-10-15,2022,42,10,Oct 2022,Q4,2022 Week 42
2022W43,2022W43,2022-10-16,2022-10-22,2022,43,10,Oct 2022,Q4,2022 Week 43
2022W44,2022W44,2022-10-23,2022-10-29,2022,44,10,Oct 2022,Q4,2022 Week 44
2022W45,2022W45,2022-10-30,2022-11-05,2022,45,10,Oct 2022,Q4,2022 Week 45
2022W46,2022W46,2022-11-06,2022-11-12,2022,46,11,Nov 2022,Q4,2022 Week 46
2022W47,2022W47,2022-11-13,2022-11-19,2022,47,11,Nov 2022,Q4,2022 Week 47
2022W48,2022W48,2022-11-20,2022-11-26,2022,48,11,Nov 2022,Q4,2022 Week 48
2022W49,2022W49,2022-11-27,2022-12-03,2022,49,11,Nov 2022,Q4,2022 Week 49
2022W50,2022W50,2022-12-04,2022-12-10,2022,50,12,Dec 2022,Q4,2022 Week 50
2022W51,2022W51,2022-12-11,2022-12-17,2022,51,12,Dec 2022,Q4,2022 Week 51
2022W52,2022W52,2022-12-18,2022-12-24,2022,52,12,Dec 2022,Q4,2022 Week 52
2022W53,2022W53,2022-12-25,2022-12-31,2022,53,12,Dec 2022,Q4,2022 Week 53
2023W01,2023W01,2023-01-01,2023-01-07,2023,1,1,Jan 2023,Q1,2023 Week 01
2023W02,2023W02,2023-01-08,2023-01-14,2023,2,1,Jan 2023,Q1,2023 Week 02
2023W03,2023W03,2023-01-15,2023-01-21,2023,3,1,Jan 2023,Q1,2023 Week 03
2023W04,2023W04,2023-01-22,2023-01-28,2023,4,1,Jan 2023,Q1,2023 Week 04
2023W05,2023W05,2023-01-29,2023-02-04,2023,5,1,Jan 2023,Q1,2023 Week 05
2023W06,2023W06,2023-02-05,2023-02-11,2023,6,2,Feb 2023,Q1,2023 Week 06
2023W07,2023W07,2023-02-12,2023-02-18,2023,7,2,Feb 2023,Q1,2023 Week 07
2023W08,2023W08,2023-02-19,2023-02-25,2023,8,2,Feb 2023,Q1,2023 Week 08
2023W09,2023W09,2023-02-26,2023-03-04,2023,9,2,Feb 2023,Q1,2023 Week 09
2023W10,2023W10,2023-03-05,2023-03-11,2023,10,3,Mar 2023,Q1,2023 Week 10
2023W11,2023W11,2023-03-12,2023-03-18,2023,11,3,Mar 2023,Q1,2023 Week 11
2023W12,2023W12,2023-03-19,2023-03-25,2023,12,3,Mar 2023,Q1,2023 Week 12
2023W13,2023W13,2023-03-26,2023-04-01,2023,13,3,Mar 2023,Q1,2023 Week 13
2023W14,2023W14,2023-04-02,2023-04-08,2023,14,4,Apr 2023,Q2,2023 Week 14
2023W15,2023W15,2023-04-09,2023-04-15,2023,15,4,Apr 2023,Q2,2023 Week 15
2023W16,2023W16,2023-04-16,2023-04-22,2023,16,4,Apr 2023,Q2,2023 Week 16
2023W17,2023W17,2023-04-23,2023-04-29,2023,17,4,Apr 2023,Q2,2023 Week 17
2023W18,2023W18,2023-04-30,2023-05-06,2023,18,4,Apr 2023,Q2,2023 Week 18
2023W19,2023W19,2023-05-07,2023-05-13,2023,19,5,May 2023,Q2,2023 Week 19
2023W20,2023W20,2023-05-14,2023-05-20,2023,20,5,May 2023,Q2,2023 Week 20
2023W21,2023W21,2023-05-21,2023-05-27,2023,21,5,May 2023,Q2,2023 Week 21
2023W22,2023W22,2023-05-28,2023-06-03,2023,22,5,May 2023,Q2,2023 Week 22
2023W23,2023W23,2023-06-04,2023-06-10,2023,23,6,Jun 2023,Q2,2023 Week 23
2023W24,2023W24,2023-06-11,2023-06-17,2023,24,6,Jun 2023,Q2,2023 Week 24
2023W25,2023W25,2023-06-18,2023-06-24,2023,25,6,Jun 2023,Q2,2023 Week 25
2023W26,2023W26,2023-06-25,2023-07-01,2023,26,6,Jun 2023,Q2,2023 Week 26
2023W27,2023W27,2023-07-02,2023-07-08,2023,27,7,Jul 2023,Q3,2023 Week 27
2023W28,2023W28,2023-07-09,2023-07-15,2023,28,7,Jul 2023,Q3,2023 Week 28
2023W29,2023W29,2023-07-16,2023-07-22,2023,29,7,Jul 2023,Q3,2023 Week 29
2023W30,2023W30,2023-07-23,2023-07-29,2023,30,7,Jul 2023,Q3,2023 Week 30
2023W31,2023W31,2023-07-30,2023-08-05,2023,31,7,Jul 2023,Q3,2023 Week 31
2023W32,2023W32,2023-08-06,2023-08-12,2023,32,8,Aug 2023,Q3,2023 Week 32
2023W33,2023W33,2023-08-13,2023-08-19,2023,33,8,Aug 2023,Q3,2023 Week 33
2023W34,2023W34,2023-08-20,2023-08-26,2023,34,8,Aug 2023,Q3,2023 Week 34
2023W35,2023W35,2023-08-27,2023-09-02,2023,35,8,Aug 2023,Q3,2023 Week 35
2023W36,2023W36,2023-09-03,2023-09-09,2023,36,9,Sep 2023,Q3,2023 Week 36
2023W37,2023W37,2023-09-10,2023-09-16,2023,37,9,Sep 2023,Q3,2023 Week 37
2023W38,2023W38,2023-09-17,2023-09-23,2023,38,9,Sep 2023,Q3,2023 Week 38
2023W39,2023W39,2023-09-24,2023-09-30,2023,39,9,Sep 2023,Q3,2023 Week 39
2023W40,2023W40,2023-10-01,2023-10-07,2023,40,10,Oct 2023,Q4,2023 Week 40
2023W41,2023W41,2023-10-08,2023-10-14,2023,41,10,Oct 2023,Q4,2023 Week 41
2023W42,2023W42,2023-10-15,2023-10-21,2023,42,10,Oct 2023,Q4,2023 Week 42
2023W43,2023W43,2023-10-22,2023-10-28,2023,43,10,Oct 2023,Q4,2023 Week 43
2023W44,2023W44,2023-10-29,2023-11-04,2023,44,10,Oct 2023,Q4,2023 Week 44
2023W45,2023W45,2023-11-05,2023-11-11,2023,45,11,Nov 2023,Q4,2023 Week 45
2023W46,2023W46,2023-11-12,2023-11-18,2023,46,11,Nov 2023,Q4,2023 Week 46
2023W47,2023W47,2023-11-19,2023-11-25,2023,47,11,Nov 2023,Q4,2023 Week 47
2023W48,2023W48,2023-11-26,2023-12-02,2023,48,11,Nov 2023,Q4,2023 Week 48
2023W49,2023W49,2023-12-03,2023-12-09,2023,49,12,Dec 2023,Q4,2023 Week 49
2023W50,2023W50,2023-12-10,2023-12-16,2023,50,12,Dec 2023,Q4,2023 Week 50
2023W51,2023W51,2023-12-17,2023-12-23,2023,51,12,Dec 2023,Q4,2023 Week 51
2023W52,2023W52,2023-12-24,2023-12-30,2023,52,12,Dec 2023,Q4,2023 Week 52
2023W53,2023W53,2023-12-31,2024-01-06,2023,53,12,Dec 2023,Q4,2023 Week 53
2024W02,2024W02,2024-01-07,2024-01-13,2024,2,1,Jan 2024,Q1,2024 Week 02
2024W03,2024W03,2024-01-14,2024-01-20,2024,3,1,Jan 2024,Q1,2024 Week 03
2024W04,2024W04,2024-01-21,2024-01-27,2024,4,1,Jan 2024,Q1,2024 Week 04
2024W05,2024W05,2024-01-28,2024-02-03,2024,5,1,Jan 2024,Q1,2024 Week 05
2024W06,2024W06,2024-02-04,2024-02-10,2024,6,2,Feb 2024,Q1,2024 Week 06
2024W07,2024W07,2024-02-11,2024-02-17,2024,7,2,Feb 2024,Q1,2024 Week 07
2024W08,2024W08,2024-02-18,2024-02-24,2024,8,2,Feb 2024,Q1,2024 Week 08
2024W09,2024W09,2024-02-25,2024-03-02,2024,9,2,Feb 2024,Q1,2024 Week 09
2024W10,2024W10,2024-03-03,2024-03-09,2024,10,3,Mar 2024,Q1,2024 Week 10
2024W11,2024W11,2024-03-10,2024-03-16,2024,11,3,Mar 2024,Q1,2024 Week 11
2024W12,2024W12,2024-03-17,2024-03-23,2024,12,3,Mar 2024,Q1,2024 Week 12
2024W13,2024W13,2024-03-24,2024-03-30,2024,13,3,Mar 2024,Q1,2024 Week 13
2024W14,2024W14,2024-03-31,2024-04-06,2024,14,3,Mar 2024,Q1,2024 Week 14
2024W15,2024W15,2024-04-07,2024-04-13,2024,15,4,Apr 2024,Q2,2024 Week 15
2024W16,2024W16,2024-04-14,2024-04-20,2024,16,4,Apr 2024,Q2,2024 Week 16
2024W17,2024W17,2024-04-21,2024-04-27,2024,17,4,Apr 2024,Q2,2024 Week 17
2024W18,2024W18,2024-04-28,2024-05-04,2024,18,4,Apr 2024,Q2,2024 Week 18
2024W19,2024W19,2024-05-05,2024-05-11,2024,19,5,May 2024,Q2,2024 Week 19
2024W20,2024W20,2024-05-12,2024-05-18,2024,20,5,May 2024,Q2,2024 Week 20
2024W21,2024W21,2024-05-19,2024-05-25,2024,21,5,May 2024,Q2,2024 Week 21
2024W22,2024W22,2024-05-26,2024-06-01,2024,22,5,May 2024,Q2,2024 Week 22
2024W23,2024W23,2024-06-02,2024-06-08,2024,23,6,Jun 2024,Q2,2024 Week 23
2024W24,2024W24,2024-06-09,2024-06-15,2024,24,6,Jun 2024,Q2,2024 Week 24
2024W25,2024W25,2024-06-16,2024-06-22,2024,25,6,Jun 2024,Q2,2024 Week 25
2024W26,2024W26,2024-06-23,2024-06-29,2024,26,6,Jun 2024,Q2,2024 Week 26
2024W27,2024W27,2024-06-30,2024-07-06,2024,27,6,Jun 2024,Q2,2024 Week 27
2024W28,2024W28,2024-07-07,2024-07-13,2024,28,7,Jul 2024,Q3,2024 Week 28
2024W29,2024W29,2024-07-14,2024-07-20,2024,29,7,Jul 2024,Q3,2024 Week 29
2024W30,2024W30,2024-07-21,2024-07-27,2024,30,7,Jul 2024,Q3,2024 Week 30
2024W31,2024W31,2024-07-28,2024-08-03,2024,31,7,Jul 2024,Q3,2024 Week 31
2024W32,2024W32,2024-08-04,2024-08-10,2024,32,8,Aug 2024,Q3,2024 Week 32
2024W33,2024W33,2024-08-11,2024-08-17,2024,33,8,Aug 2024,Q3,2024 Week 33
2024W34,2024W34,2024-08-18,2024-08-24,2024,34,8,Aug 2024,Q3,2024 Week 34
2024W35,2024W35,2024-08-25,2024-08-31,2024,35,8,Aug 2024,Q3,2024 Week 35
2024W36,2024W36,2024-09-01,2024-09-07,2024,36,9,Sep 2024,Q3,2024 Week 36
2024W37,2024W37,2024-09-08,2024-09-14,2024,37,9,Sep 2024,Q3,2024 Week 37
2024W38,2024W38,2024-09-15,2024-09-21,2024,38,9,Sep 2024,Q3,2024 Week 38
2024W39,2024W39,2024-09-22,2024-09-28,2024,39,9,Sep 2024,Q3,2024 Week 39
2024W40,2024W40,2024-09-29,2024-10-05,2024,40,9,Sep 2024,Q3,2024 Week 40
2024W41,2024W41,2024-10-06,2024-10-12,2024,41,10,Oct 2024,Q4,2024 Week 41
2024W42,2024W42,2024-10-13,2024-10-19,2024,42,10,Oct 2024,Q4,2024 Week 42
2024W43,2024W43,2024-10-20,2024-10-26,2024,43,10,Oct 2024,Q4,2024 Week 43
2024W44,2024W44,2024-10-27,2024-11-02,2024,44,10,Oct 2024,Q4,2024 Week 44
2024W45,2024W45,2024-11-03,2024-11-09,2024,45,11,Nov 2024,Q4,2024 Week 45
2024W46,2024W46,2024-11-10,2024-11-16,2024,46,11,Nov 2024,Q4,2024 Week 46
2024W47,2024W47,2024-11-17,2024-11-23,2024,47,11,Nov 2024,Q4,2024 Week 47
2024W48,2024W48,2024-11-24,2024-11-30,2024,48,11,Nov 2024,Q4,2024 Week 48
2024W49,2024W49,2024-12-01,2024-12-07,2024,49,12,Dec 2024,Q4,2024 Week 49
2024W50,2024W50,2024-12-08,2024-12-14,2024,50,12,Dec 2024,Q4,2024 Week 50
2024W51,2024W51,2024-12-15,2024-12-21,2024,51,12,Dec 2024,Q4,2024 Week 51
2024W52,2024W52,2024-12-22,2024-12-28,2024,52,12,Dec 2024,Q4,2024 Week 52
2024W53,2024W53,2024-12-29,2025-01-04,2024,53,12,Dec 2024,Q4,2024 Week 53
2025W02,2025W02,2025-01-05,2025-01-11,2025,2,1,Jan 2025,Q1,2025 Week 02
2025W03,2025W03,2025-01-12,2025-01-18,2025,3,1,Jan 2025,Q1,2025 Week 03
2025W04,2025W04,2025-01-19,2025-01-25,2025,4,1,Jan 2025,Q1,2025 Week 04
2025W05,2025W05,2025-01-26,2025-02-01,2025,5,1,Jan 2025,Q1,2025 Week 05
2025W06,2025W06,2025-02-02,2025-02-08,2025,6,2,Feb 2025,Q1,2025 Week 06
2025W07,2025W07,2025-02-09,2025-02-15,2025,7,2,Feb 2025,Q1,2025 Week 07
2025W08,2025W08,2025-02-16,2025-02-22,2025,8,2,Feb 2025,Q1,2025 Week 08
2025W09,2025W09,2025-02-23,2025-03-01,2025,9,2,Feb 2025,Q1,2025 Week 09
2025W10,2025W10,2025-03-02,2025-03-08,2025,10,3,Mar 2025,Q1,2025 Week 10
2025W11,2025W11,2025-03-09,2025-03-15,2025,11,3,Mar 2025,Q1,2025 Week 11
2025W12,2025W12,2025-03-16,2025-03-22,2025,12,3,Mar 2025,Q1,2025 Week 12
2025W13,2025W13,2025-03-23,2025-03-29,2025,13,3,Mar 2025,Q1,2025 Week 13
2025W14,2025W14,2025-03-30,2025-04-05,2025,14,3,Mar 2025,Q1,2025 Week 14
2025W15,2025W15,2025-04-06,2025-04-12,2025,15,4,Apr 2025,Q2,2025 Week 15
2025W16,2025W16,2025-04-13,2025-04-19,2025,16,4,Apr 2025,Q2,2025 Week 16
2025W17,2025W17,2025-04-20,2025-04-26,2025,17,4,Apr 2025,Q2,2025 Week 17
2025W18,2025W18,2025-04-27,2025-05-03,2025,18,4,Apr 2025,Q2,2025 Week 18
2025W19,2025W19,2025-05-04,2025-05-10,2025,19,5,May 2025,Q2,2025 Week 19
2025W20,2025W20,2025-05-11,2025-05-17,2025,20,5,May 2025,Q2,2025 Week 20
2025W21,2025W21,2025-05-18,2025-05-24,2025,21,5,May 2025,Q2,2025 Week 21
2025W22,2025W22,2025-05-25,2025-05-31,2025,22,5,May 2025,Q2,2025 Week 22
2025W23,2025W23,2025-06-01,2025-06-07,2025,23,6,Jun 2025,Q2,2025 Week 23
2025W24,2025W24,2025-06-08,2025-06-14,2025,24,6,Jun 2025,Q2,2025 Week 24
2025W25,2025W25,2025-06-15,2025-06-21,2025,25,6,Jun 2025,Q2,2025 Week 25
2025W26,2025W26,2025-06-22,2025-06-28,2025,26,6,Jun 2025,Q2,2025 Week 26
2025W27,2025W27,2025-06-29,2025-07-05,2025,27,6,Jun 2025,Q2,2025 Week 27
2025W28,2025W28,2025-07-06,2025-07-12,2025,28,7,Jul 2025,Q3,2025 Week 28
2025W29,2025W29,2025-07-13,2025-07-19,2025,29,7,Jul 2025,Q3,2025 Week 29
2025W30,2025W30,2025-07-20,2025-07-26,2025,30,7,Jul 2025,Q3,2025 Week 30
2025W31,2025W31,2025-07-27,2025-08-02,2025,31,7,Jul 2025,Q3,2025 Week 31
2025W32,2025W32,2025-08-03,2025-08-09,2025,32,8,Aug 2025,Q3,2025 Week 32
2025W33,2025W33,2025-08-10,2025-08-16,2025,33,8,Aug 2025,Q3,2025 Week 33
2025W34,2025W34,2025-08-17,2025-08-23,2025,34,8,Aug 2025,Q3,2025 Week 34
2025W35,2025W35,2025-08-24,2025-08-30,2025,35,8,Aug 2025,Q3,2025 Week 35
2025W36,2025W36,2025-08-31,2025-09-06,2025,36,8,Aug 2025,Q3,2025 Week 36
2025W37,2025W37,2025-09-07,2025-09-13,2025,37,9,Sep 2025,Q3,2025 Week 37
2025W38,2025W38,2025-09-14,2025-09-20,2025,38,9,Sep 2025,Q3,2025 Week 38
2025W39,2025W39,2025-09-21,2025-09-27,2025,39,9,Sep 2025,Q3,2025 Week 39
2025W40,2025W40,2025-09-28,2025-10-04,2025,40,9,Sep 2025,Q3,2025 Week 40
2025W41,2025W41,2025-10-05,2025-10-11,2025,41,10,Oct 2025,Q4,2025 Week 41
2025W42,2025W42,2025-10-12,2025-10-18,2025,42,10,Oct 2025,Q4,2025 Week 42
2025W43,2025W43,2025-10-19,2025-10-25,2025,43,10,Oct 2025,Q4,2025 Week 43
2025W44,2025W44,2025-10-26,2025-11-01,2025,44,10,Oct 2025,Q4,2025 Week 44
2025W45,2025W45,2025-11-02,2025-11-08,2025,45,11,Nov 2025,Q4,2025 Week 45
2025W46,2025W46,2025-11-09,2025-11-15,2025,46,11,Nov 2025,Q4,2025 Week 46
2025W47,2025W47,2025-11-16,2025-11-22,2025,47,11,Nov 2025,Q4,2025 Week 47
2025W48,2025W48,2025-11-23,2025-11-29,2025,48,11,Nov 2025,Q4,2025 Week 48
2025W49,2025W49,2025-11-30,2025-12-06,2025,49,11,Nov 2025,Q4,2025 Week 49
2025W50,2025W50,2025-12-07,2025-12-13,2025,50,12,Dec 2025,Q4,2025 Week 50
2025W51,2025W51,2025-12-14,2025-12-20,2025,51,12,Dec 2025,Q4,2025 Week 51
2025W52,2025W52,2025-12-21,2025-12-27,2025,52,12,Dec 2025,Q4,2025 Week 52
2025W53,2025W53,2025-12-28,2026-01-03,2025,53,12,Dec 2025,Q4,2025 Week 53
2026W02,2026W02,2026-01-04,2026-01-10,2026,2,1,Jan 2026,Q1,2026 Week 02
2026W03,2026W03,2026-01-11,2026-01-17,2026,3,1,Jan 2026,Q1,2026 Week 03
2026W04,2026W04,2026-01-18,2026-01-24,2026,4,1,Jan 2026,Q1,2026 Week 04
2026W05,2026W05,2026-01-25,2026-01-31,2026,5,1,Jan 2026,Q1,2026 Week 05
2026W06,2026W06,2026-02-01,2026-02-07,2026,6,2,Feb 2026,Q1,2026 Week 06
2026W07,2026W07,2026-02-08,2026-02-14,2026,7,2,Feb 2026,Q1,2026 Week 07
2026W08,2026W08,2026-02-15,2026-02-21,2026,8,2,Feb 2026,Q1,2026 Week 08
2026W09,2026W09,2026-02-22,2026-02-28,2026,9,2,Feb 2026,Q1,2026 Week 09
2026W10,2026W10,2026-03-01,2026-03-07,2026,10,3,Mar 2026,Q1,2026 Week 10
2026W11,2026W11,2026-03-08,2026-03-14,2026,11,3,Mar 2026,Q1,2026 Week 11
2026W12,2026W12,2026-03-15,2026-03-21,2026,12,3,Mar 2026,Q1,2026 Week 12
2026W13,2026W13,2026-03-22,2026-03-28,2026,13,3,Mar 2026,Q1,2026 Week 13
2026W14,2026W14,2026-03-29,2026-04-04,2026,14,3,Mar 2026,Q1,2026 Week 14
2026W15,2026W15,2026-04-05,2026-04-11,2026,15,4,Apr 2026,Q2,2026 Week 15
2026W16,2026W16,2026-04-12,2026-04-18,2026,16,4,Apr 2026,Q2,2026 Week 16
2026W17,2026W17,2026-04-19,2026-04-25,2026,17,4,Apr 2026,Q2,2026 Week 17
2026W18,2026W18,2026-04-26,2026-05-02,2026,18,4,Apr 2026,Q2,2026 Week 18
2026W19,2026W19,2026-05-03,2026-05-09,2026,19,5,May 2026,Q2,2026 Week 19
2026W20,2026W20,2026-05-10,2026-05-16,2026,20,5,May 2026,Q2,2026 Week 20
2026W21,2026W21,2026-05-17,2026-05-23,2026,21,5,May 2026,Q2,2026 Week 21
2026W22,2026W22,2026-05-24,2026-05-30,2026,22,5,May 2026,Q2,2026 Week 22
2026W23,2026W23,2026-05-31,2026-06-06,2026,23,5,May 2026,Q2,2026 Week 23
2026W24,2026W24,2026-06-07,2026-06-13,2026,24,6,Jun 2026,Q2,2026 Week 24
2026W25,2026W25,2026-06-14,2026-06-20,2026,25,6,Jun 2026,Q2,2026 Week 25
2026W26,2026W26,2026-06-21,2026-06-27,2026,26,6,Jun 2026,Q2,2026 Week 26
2026W27,2026W27,2026-06-28,2026-07-04,2026,27,6,Jun 2026,Q2,2026 Week 27
2026W28,2026W28,2026-07-05,2026-07-11,2026,28,7,Jul 2026,Q3,2026 Week 28
2026W29,2026W29,2026-07-12,2026-07-18,2026,29,7,Jul 2026,Q3,2026 Week 29
2026W30,2026W30,2026-07-19,2026-07-25,2026,30,7,Jul 2026,Q3,2026 Week 30
2026W31,2026W31,2026-07-26,2026-08-01,2026,31,7,Jul 2026,Q3,2026 Week 31
2026W32,2026W32,2026-08-02,2026-08-08,2026,32,8,Aug 2026,Q3,2026 Week 32
2026W33,2026W33,2026-08-09,2026-08-15,2026,33,8,Aug 2026,Q3,2026 Week 33
2026W34,2026W34,2026-08-16,2026-08-22,2026,34,8,Aug 2026,Q3,2026 Week 34
2026W35,2026W35,2026-08-23,2026-08-29,2026,35,8,Aug 2026,Q3,2026 Week 35
2026W36,2026W36,2026-08-30,2026-09-05,2026,36,8,Aug 2026,Q3,2026 Week 36
2026W37,2026W37,2026-09-06,2026-09-12,2026,37,9,Sep 2026,Q3,2026 Week 37
2026W38,2026W38,2026-09-13,2026-09-19,2026,38,9,Sep 2026,Q3,2026 Week 38
2026W39,2026W39,2026-09-20,2026-09-26,2026,39,9,Sep 2026,Q3,2026 Week 39
2026W40,2026W40,2026-09-27,2026-10-03,2026,40,9,Sep 2026,Q3,2026 Week 40
2026W41,2026W41,2026-10-04,2026-10-10,2026,41,10,Oct 2026,Q4,2026 Week 41
2026W42,2026W42,2026-10-11,2026-10-17,2026,42,10,Oct 2026,Q4,2026 Week 42
2026W43,2026W43,2026-10-18,2026-10-24,2026,43,10,Oct 2026,Q4,2026 Week 43
2026W44,2026W44,2026-10-25,2026-10-31,2026,44,10,Oct 2026,Q4,2026 Week 44
2026W45,2026W45,2026-11-01,2026-11-07,2026,45,11,Nov 2026,Q4,2026 Week 45
2026W46,2026W46,2026-11-08,2026-11-14,2026,46,11,Nov 2026,Q4,2026 Week 46
2026W47,2026W47,2026-11-15,2026-11-21,2026,47,11,Nov 2026,Q4,2026 Week 47
2026W48,2026W48,2026-11-22,2026-11-28,2026,48,11,Nov 2026,Q4,2026 Week 48
2026W49,2026W49,2026-11-29,2026-12-05,2026,49,11,Nov 2026,Q4,2026 Week 49
2026W50,2026W50,2026-12-06,2026-12-12,2026,50,12,Dec 2026,Q4,2026 Week 50
2026W51,2026W51,2026-12-13,2026-12-19,2026,51,12,Dec 2026,Q4,2026 Week 51
2026W52,2026W52,2026-12-20,2026-12-26,2026,52,12,Dec 2026,Q4,2026 Week 52
2026W53,2026W53,2026-12-27,2027-01-02,2026,53,12,Dec 2026,Q4,2026 Week 53
2027W02,2027W02,2027-01-03,2027-01-09,2027,2,1,Jan 2027,Q1,2027 Week 02
2027W03,2027W03,2027-01-10,2027-01-16,2027,3,1,Jan 2027,Q1,2027 Week 03
2027W04,2027W04,2027-01-17,2027-01-23,2027,4,1,Jan 2027,Q1,2027 Week 04
2027W05,2027W05,2027-01-24,2027-01-30,2027,5,1,Jan 2027,Q1,2027 Week 05
2027W06,2027W06,2027-01-31,2027-02-06,2027,6,1,Jan 2027,Q1,2027 Week 06
2027W07,2027W07,2027-02-07,2027-02-13,2027,7,2,Feb 2027,Q1,2027 Week 07
2027W08,2027W08,2027-02-14,2027-02-20,2027,8,2,Feb 2027,Q1,2027 Week 08
2027W09,2027W09,2027-02-21,2027-02-27,2027,9,2,Feb 2027,Q1,2027 Week 09
2027W10,2027W10,2027-02-28,2027-03-06,2027,10,2,Feb 2027,Q1,2027 Week 10
2027W11,2027W11,2027-03-07,2027-03-13,2027,11,3,Mar 2027,Q1,2027 Week 11
2027W12,2027W12,2027-03-14,2027-03-20,2027,12,3,Mar 2027,Q1,2027 Week 12
2027W13,2027W13,2027-03-21,2027-03-27,2027,13,3,Mar 2027,Q1,2027 Week 13
2027W14,2027W14,2027-03-28,2027-04-03,2027,14,3,Mar 2027,Q1,2027 Week 14
2027W15,2027W15,2027-04-04,2027-04-10,2027,15,4,Apr 2027,Q2,2027 Week 15
2027W16,2027W16,2027-04-11,2027-04-17,2027,16,4,Apr 2027,Q2,2027 Week 16
2027W17,2027W17,2027-04-18,2027-04-24,2027,17,4,Apr 2027,Q2,2027 Week 17
2027W18,2027W18,2027-04-25,2027-05-01,2027,18,4,Apr 2027,Q2,2027 Week 18
2027W19,2027W19,2027-05-02,2027-05-08,2027,19,5,May 2027,Q2,2027 Week 19
2027W20,2027W20,2027-05-09,2027-05-15,2027,20,5,May 2027,Q2,2027 Week 20
2027W21,2027W21,2027-05-16,2027-05-22,2027,21,5,May 2027,Q2,2027 Week 21
2027W22,2027W22,2027-05-23,2027-05-29,2027,22,5,May 2027,Q2,2027 Week 22
2027W23,2027W23,2027-05-30,2027-06-05,2027,23,5,May 2027,Q2,2027 Week 23
2027W24,2027W24,2027-06-06,2027-06-12,2027,24,6,Jun 2027,Q2,2027 Week 24
2027W25,2027W25,2027-06-13,2027-06-19,2027,25,6,Jun 2027,Q2,2027 Week 25
2027W26,2027W26,2027-06-20,2027-06-26,2027,26,6,Jun 2027,Q2,2027 Week 26
2027W27,2027W27,2027-06-27,2027-07-03,2027,27,6,Jun 2027,Q2,2027 Week 27
2027W28,2027W28,2027-07-04,2027-07-10,2027,28,7,Jul 2027,Q3,2027 Week 28
2027W29,2027W29,2027-07-11,2027-07-17,2027,29,7,Jul 2027,Q3,2027 Week 29
2027W30,2027W30,2027-07-18,2027-07-24,2027,30,7,Jul 2027,Q3,2027 Week 30
2027W31,2027W31,2027-07-25,2027-07-31,2027,31,7,Jul 2027,Q3,2027 Week 31
2027W32,2027W32,2027-08-01,2027-08-07,2027,32,8,Aug 2027,Q3,2027 Week 32
2027W33,2027W33,2027-08-08,2027-08-14,2027,33,8,Aug 2027,Q3,2027 Week 33
2027W34,2027W34,2027-08-15,2027-08-21,2027,34,8,Aug 2027,Q3,2027 Week 34
2027W35,2027W35,2027-08-22,2027-08-28,2027,35,8,Aug 2027,Q3,2027 Week 35
2027W36,2027W36,2027-08-29,2027-09-04,2027,36,8,Aug 2027,Q3,2027 Week 36
2027W37,2027W37,2027-09-05,2027-09-11,2027,37,9,Sep 2027,Q3,2027 Week 37
2027W38,2027W38,2027-09-12,2027-09-18,2027,38,9,Sep 2027,Q3,2027 Week 38
2027W39,2027W39,2027-09-19,2027-09-25,2027,39,9,Sep 2027,Q3,2027 Week 39
2027W40,2027W40,2027-09-26,2027-10-02,2027,40,9,Sep 2027,Q3,2027 Week 40
2027W41,2027W41,2027-10-03,2027-10-09,2027,41,10,Oct 2027,Q4,2027 Week 41
2027W42,2027W42,2027-10-10,2027-10-16,2027,42,10,Oct 2027,Q4,2027 Week 42
2027W43,2027W43,2027-10-17,2027-10-23,2027,43,10,Oct 2027,Q4,2027 Week 43
2027W44,2027W44,2027-10-24,2027-10-30,2027,44,10,Oct 2027,Q4,2027 Week 44
2027W45,2027W45,2027-10-31,2027-11-06,2027,45,10,Oct 2027,Q4,2027 Week 45
2027W46,2027W46,2027-11-07,2027-11-13,2027,46,11,Nov 2027,Q4,2027 Week 46
2027W47,2027W47,2027-11-14,2027-11-20,2027,47,11,Nov 2027,Q4,2027 Week 47
2027W48,2027W48,2027-11-21,2027-11-27,2027,48,11,Nov 2027,Q4,2027 Week 48
2027W49,2027W49,2027-11-28,2027-12-04,2027,49,11,Nov 2027,Q4,2027 Week 49
2027W50,2027W50,2027-12-05,2027-12-11,2027,50,12,Dec 2027,Q4,2027 Week 50
2027W51,2027W51,2027-12-12,2027-12-18,2027,51,12,Dec 2027,Q4,2027 Week 51
2027W52,2027W52,2027-12-19,2027-12-25,2027,52,12,Dec 2027,Q4,2027 Week 52
2027W53,2027W53,2027-12-26,2028-01-01,2027,53,12,Dec 2027,Q4,2027 Week 53
2028W02,2028W02,2028-01-02,2028-01-08,2028,2,1,Jan 2028,Q1,2028 Week 02
2028W03,2028W03,2028-01-09,2028-01-15,2028,3,1,Jan 2028,Q1,2028 Week 03
2028W04,2028W04,2028-01-16,2028-01-22,2028,4,1,Jan 2028,Q1,2028 Week 04
2028W05,2028W05,2028-01-23,2028-01-29,2028,5,1,Jan 2028,Q1,2028 Week 05
2028W06,2028W06,2028-01-30,2028-02-05,2028,6,1,Jan 2028,Q1,2028 Week 06
2028W07,2028W07,2028-02-06,2028-02-12,2028,7,2,Feb 2028,Q1,2028 Week 07
2028W08,2028W08,2028-02-13,2028-02-19,2028,8,2,Feb 2028,Q1,2028 Week 08
2028W09,2028W09,2028-02-20,2028-02-26,2028,9,2,Feb 2028,Q1,2028 Week 09
2028W10,2028W10,2028-02-27,2028-03-04,2028,10,2,Feb 2028,Q1,2028 Week 10
2028W11,2028W11,2028-03-05,2028-03-11,2028,11,3,Mar 2028,Q1,2028 Week 11
2028W12,2028W12,2028-03-12,2028-03-18,2028,12,3,Mar 2028,Q1,2028 Week 12
2028W13,2028W13,2028-03-19,2028-03-25,2028,13,3,Mar 2028,Q1,2028 Week 13
2028W14,2028W14,2028-03-26,2028-04-01,2028,14,3,Mar 2028,Q1,2028 Week 14
2028W15,2028W15,2028-04-02,2028-04-08,2028,15,4,Apr 2028,Q2,2028 Week 15
2028W16,2028W16,2028-04-09,2028-04-15,2028,16,4,Apr 2028,Q2,2028 Week 16
2028W17,2028W17,2028-04-16,2028-04-22,2028,17,4,Apr 2028,Q2,2028 Week 17
2028W18,2028W18,2028-04-23,2028-04-29,2028,18,4,Apr 2028,Q2,2028 Week 18
2028W19,2028W19,2028-04-30,2028-05-06,2028,19,4,Apr 2028,Q2,2028 Week 19
2028W20,2028W20,2028-05-07,2028-05-13,2028,20,5,May 2028,Q2,2028 Week 20
2028W21,2028W21,2028-05-14,2028-05-20,2028,21,5,May 2028,Q2,2028 Week 21
2028W22,2028W22,2028-05-21,2028-05-27,2028,22,5,May 2028,Q2,2028 Week 22
2028W23,2028W23,2028-05-28,2028-06-03,2028,23,5,May 2028,Q2,2028 Week 23
2028W24,2028W24,2028-06-04,2028-06-10,2028,24,6,Jun 2028,Q2,2028 Week 24
2028W25,2028W25,2028-06-11,2028-06-17,2028,25,6,Jun 2028,Q2,2028 Week 25
2028W26,2028W26,2028-06-18,2028-06-24,2028,26,6,Jun 2028,Q2,2028 Week 26
2028W27,2028W27,2028-06-25,2028-07-01,2028,27,6,Jun 2028,Q2,2028 Week 27
2028W28,2028W28,2028-07-02,2028-07-08,2028,28,7,Jul 2028,Q3,2028 Week 28
2028W29,2028W29,2028-07-09,2028-07-15,2028,29,7,Jul 2028,Q3,2028 Week 29
2028W30,2028W30,2028-07-16,2028-07-22,2028,30,7,Jul 2028,Q3,2028 Week 30
2028W31,2028W31,2028-07-23,2028-07-29,2028,31,7,Jul 2028,Q3,2028 Week 31
2028W32,2028W32,2028-07-30,2028-08-05,2028,32,7,Jul 2028,Q3,2028 Week 32
2028W33,2028W33,2028-08-06,2028-08-12,2028,33,8,Aug 2028,Q3,2028 Week 33
2028W34,2028W34,2028-08-13,2028-08-19,2028,34,8,Aug 2028,Q3,2028 Week 34
2028W35,2028W35,2028-08-20,2028-08-26,2028,35,8,Aug 2028,Q3,2028 Week 35
2028W36,2028W36,2028-08-27,2028-09-02,2028,36,8,Aug 2028,Q3,2028 Week 36
2028W37,2028W37,2028-09-03,2028-09-09,2028,37,9,Sep 2028,Q3,2028 Week 37
2028W38,2028W38,2028-09-10,2028-09-16,2028,38,9,Sep 2028,Q3,2028 Week 38
2028W39,2028W39,2028-09-17,2028-09-23,2028,39,9,Sep 2028,Q3,2028 Week 39
2028W40,2028W40,2028-09-24,2028-09-30,2028,40,9,Sep 2028,Q3,2028 Week 40
2028W41,2028W41,2028-10-01,2028-10-07,2028,41,10,Oct 2028,Q4,2028 Week 41
2028W42,2028W42,2028-10-08,2028-10-14,2028,42,10,Oct 2028,Q4,2028 Week 42
2028W43,2028W43,2028-10-15,2028-10-21,2028,43,10,Oct 2028,Q4,2028 Week 43
2028W44,2028W44,2028-10-22,2028-10-28,2028,44,10,Oct 2028,Q4,2028 Week 44
2028W45,2028W45,2028-10-29,2028-11-04,2028,45,10,Oct 2028,Q4,2028 Week 45
2028W46,2028W46,2028-11-05,2028-11-11,2028,46,11,Nov 2028,Q4,2028 Week 46
2028W47,2028W47,2028-11-12,2028-11-18,2028,47,11,Nov 2028,Q4,2028 Week 47
2028W48,2028W48,2028-11-19,2028-11-25,2028,48,11,Nov 2028,Q4,2028 Week 48
2028W49,2028W49,2028-11-26,2028-12-02,2028,49,11,Nov 2028,Q4,2028 Week 49
2028W50,2028W50,2028-12-03,2028-12-09,2028,50,12,Dec 2028,Q4,2028 Week 50
2028W51,2028W51,2028-12-10,2028-12-16,2028,51,12,Dec 2028,Q4,2028 Week 51
2028W52,2028W52,2028-12-17,2028-12-23,2028,52,12,Dec 2028,Q4,2028 Week 52
2028W53,2028W53,2028-12-24,2028-12-30,2028,53,12,Dec 2028,Q4,2028 Week 53
2028W54,2028W54,2028-12-31,2029-01-06,2028,54,12,Dec 2028,Q4,2028 Week 54
2029W02,2029W02,2029-01-07,2029-01-13,2029,2,1,Jan 2029,Q1,2029 Week 02
2029W03,2029W03,2029-01-14,2029-01-20,2029,3,1,Jan 2029,Q1,2029 Week 03
2029W04,2029W04,2029-01-21,2029-01-27,2029,4,1,Jan 2029,Q1,2029 Week 04
2029W05,2029W05,2029-01-28,2029-02-03,2029,5,1,Jan 2029,Q1,2029 Week 05
2029W06,2029W06,2029-02-04,2029-02-10,2029,6,2,Feb 2029,Q1,2029 Week 06
2029W07,2029W07,2029-02-11,2029-02-17,2029,7,2,Feb 2029,Q1,2029 Week 07
2029W08,2029W08,2029-02-18,2029-02-24,2029,8,2,Feb 2029,Q1,2029 Week 08
2029W09,2029W09,2029-02-25,2029-03-03,2029,9,2,Feb 2029,Q1,2029 Week 09
2029W10,2029W10,2029-03-04,2029-03-10,2029,10,3,Mar 2029,Q1,2029 Week 10
2029W11,2029W11,2029-03-11,2029-03-17,2029,11,3,Mar 2029,Q1,2029 Week 11
2029W12,2029W12,2029-03-18,2029-03-24,2029,12,3,Mar 2029,Q1,2029 Week 12
2029W13,2029W13,2029-03-25,2029-03-31,2029,13,3,Mar 2029,Q1,2029 Week 13
2029W14,2029W14,2029-04-01,2029-04-07,2029,14,4,Apr 2029,Q2,2029 Week 14
2029W15,2029W15,2029-04-08,2029-04-14,2029,15,4,Apr 2029,Q2,2029 Week 15
2029W16,2029W16,2029-04-15,2029-04-21,2029,16,4,Apr 2029,Q2,2029 Week 16
2029W17,2029W17,2029-04-22,2029-04-28,2029,17,4,Apr 2029,Q2,2029 Week 17
2029W18,2029W18,2029-04-29,2029-05-05,2029,18,4,Apr 2029,Q2,2029 Week 18
2029W19,2029W19,2029-05-06,2029-05-12,2029,19,5,May 2029,Q2,2029 Week 19
2029W20,2029W20,2029-05-13,2029-05-19,2029,20,5,May 2029,Q2,2029 Week 20
2029W21,2029W21,2029-05-20,2029-05-26,2029,21,5,May 2029,Q2,2029 Week 21
2029W22,2029W22,2029-05-27,2029-06-02,2029,22,5,May 2029,Q2,2029 Week 22
2029W23,2029W23,2029-06-03,2029-06-09,2029,23,6,Jun 2029,Q2,2029 Week 23
2029W24,2029W24,2029-06-10,2029-06-16,2029,24,6,Jun 2029,Q2,2029 Week 24
2029W25,2029W25,2029-06-17,2029-06-23,2029,25,6,Jun 2029,Q2,2029 Week 25
2029W26,2029W26,2029-06-24,2029-06-30,2029,26,6,Jun 2029,Q2,2029 Week 26
2029W27,2029W27,2029-07-01,2029-07-07,2029,27,7,Jul 2029,Q3,2029 Week 27
2029W28,2029W28,2029-07-08,2029-07-14,2029,28,7,Jul 2029,Q3,2029 Week 28
2029W29,2029W29,2029-07-15,2029-07-21,2029,29,7,Jul 2029,Q3,2029 Week 29
2029W30,2029W30,2029-07-22,2029-07-28,2029,30,7,Jul 2029,Q3,2029 Week 30
2029W31,2029W31,2029-07-29,2029-08-04,2029,31,7,Jul 2029,Q3,2029 Week 31
2029W32,2029W32,2029-08-05,2029-08-11,2029,32,8,Aug 2029,Q3,2029 Week 32
2029W33,2029W33,2029-08-12,2029-08-18,2029,33,8,Aug 2029,Q3,2029 Week 33
2029W34,2029W34,2029-08-19,2029-08-25,2029,34,8,Aug 2029,Q3,2029 Week 34
2029W35,2029W35,2029-08-26,2029-09-01,2029,35,8,Aug 2029,Q3,2029 Week 35
2029W36,2029W36,2029-09-02,2029-09-08,2029,36,9,Sep 2029,Q3,2029 Week 36
2029W37,2029W37,2029-09-09,2029-09-15,2029,37,9,Sep 2029,Q3,2029 Week 37
2029W38,2029W38,2029-09-16,2029-09-22,2029,38,9,Sep 2029,Q3,2029 Week 38
2029W39,2029W39,2029-09-23,2029-09-29,2029,39,9,Sep 2029,Q3,2029 Week 39
2029W40,2029W40,2029-09-30,2029-10-06,2029,40,9,Sep 2029,Q3,2029 Week 40
2029W41,2029W41,2029-10-07,2029-10-13,2029,41,10,Oct 2029,Q4,2029 Week 41
2029W42,2029W42,2029-10-14,2029-10-20,2029,42,10,Oct 2029,Q4,2029 Week 42
2029W43,2029W43,2029-10-21,2029-10-27,2029,43,10,Oct 2029,Q4,2029 Week 43
2029W44,2029W44,2029-10-28,2029-11-03,2029,44,10,Oct 2029,Q4,2029 Week 44
2029W45,2029W45,2029-11-04,2029-11-10,2029,45,11,Nov 2029,Q4,2029 Week 45
2029W46,2029W46,2029-11-11,2029-11-17,2029,46,11,Nov 2029,Q4,2029 Week 46
2029W47,2029W47,2029-11-18,2029-11-24,2029,47,11,Nov 2029,Q4,2029 Week 47
2029W48,2029W48,2029-11-25,2029-12-01,2029,48,11,Nov 2029,Q4,2029 Week 48
2029W49,2029W49,2029-12-02,2029-12-08,2029,49,12,Dec 2029,Q4,2029 Week 49
2029W50,2029W50,2029-12-09,2029-12-15,2029,50,12,Dec 2029,Q4,2029 Week 50
2029W51,2029W51,2029-12-16,2029-12-22,2029,51,12,Dec 2029,Q4,2029 Week 51
2029W52,2029W52,2029-12-23,2029-12-29,2029,52,12,Dec 2029,Q4,2029 Week 52
2029W53,2029W53,2029-12-30,2030-01-05,2029,53,12,Dec 2029,Q4,2029 Week 53
2030W02,2030W02,2030-01-06,2030-01-12,2030,2,1,Jan 2030,Q1,2030 Week 02
2030W03,2030W03,2030-01-13,2030-01-19,2030,3,1,Jan 2030,Q1,2030 Week 03
2030W04,2030W04,2030-01-20,2030-01-26,2030,4,1,Jan 2030,Q1,2030 Week 04
2030W05,2030W05,2030-01-27,2030-02-02,2030,5,1,Jan 2030,Q1,2030 Week 05
2030W06,2030W06,2030-02-03,2030-02-09,2030,6,2,Feb 2030,Q1,2030 Week 06
2030W07,2030W07,2030-02-10,2030-02-16,2030,7,2,Feb 2030,Q1,2030 Week 07
2030W08,2030W08,2030-02-17,2030-02-23,2030,8,2,Feb 2030,Q1,2030 Week 08
2030W09,2030W09,2030-02-24,2030-03-02,2030,9,2,Feb 2030,Q1,2030 Week 09
2030W10,2030W10,2030-03-03,2030-03-09,2030,10,3,Mar 2030,Q1,2030 Week 10
2030W11,2030W11,2030-03-10,2030-03-16,2030,11,3,Mar 2030,Q1,2030 Week 11
2030W12,2030W12,2030-03-17,2030-03-23,2030,12,3,Mar 2030,Q1,2030 Week 12
2030W13,2030W13,2030-03-24,2030-03-30,2030,13,3,Mar 2030,Q1,2030 Week 13
2030W14,2030W14,2030-03-31,2030-04-06,2030,14,3,Mar 2030,Q1,2030 Week 14
2030W15,2030W15,2030-04-07,2030-04-13,2030,15,4,Apr 2030,Q2,2030 Week 15
2030W16,2030W16,2030-04-14,2030-04-20,2030,16,4,Apr 2030,Q2,2030 Week 16
2030W17,2030W17,2030-04-21,2030-04-27,2030,17,4,Apr 2030,Q2,2030 Week 17
2030W18,2030W18,2030-04-28,2030-05-04,2030,18,4,Apr 2030,Q2,2030 Week 18
2030W19,2030W19,2030-05-05,2030-05-11,2030,19,5,May 2030,Q2,2030 Week 19
2030W20,2030W20,2030-05-12,2030-05-18,2030,20,5,May 2030,Q2,2030 Week 20
2030W21,2030W21,2030-05-19,2030-05-25,2030,21,5,May 2030,Q2,2030 Week 21
2030W22,2030W22,2030-05-26,2030-06-01,2030,22,5,May 2030,Q2,2030 Week 22
2030W23,2030W23,2030-06-02,2030-06-08,2030,23,6,Jun 2030,Q2,2030 Week 23
2030W24,2030W24,2030-06-09,2030-06-15,2030,24,6,Jun 2030,Q2,2030 Week 24
2030W25,2030W25,2030-06-16,2030-06-22,2030,25,6,Jun 2030,Q2,2030 Week 25
2030W26,2030W26,2030-06-23,2030-06-29,2030,26,6,Jun 2030,Q2,2030 Week 26
2030W27,2030W27,2030-06-30,2030-07-06,2030,27,6,Jun 2030,Q2,2030 Week 27
2030W28,2030W28,2030-07-07,2030-07-13,2030,28,7,Jul 2030,Q3,2030 Week 28
2030W29,2030W29,2030-07-14,2030-07-20,2030,29,7,Jul 2030,Q3,2030 Week 29
2030W30,2030W30,2030-07-21,2030-07-27,2030,30,7,Jul 2030,Q3,2030 Week 30
2030W31,2030W31,2030-07-28,2030-08-03,2030,31,7,Jul 2030,Q3,2030 Week 31
2030W32,2030W32,2030-08-04,2030-08-10,2030,32,8,Aug 2030,Q3,2030 Week 32
2030W33,2030W33,2030-08-11,2030-08-17,2030,33,8,Aug 2030,Q3,2030 Week 33
2030W34,2030W34,2030-08-18,2030-08-24,2030,34,8,Aug 2030,Q3,2030 Week 34
2030W35,2030W35,2030-08-25,2030-08-31,2030,35,8,Aug 2030,Q3,2030 Week 35
2030W36,2030W36,2030-09-01,2030-09-07,2030,36,9,Sep 2030,Q3,2030 Week 36
2030W37,2030W37,2030-09-08,2030-09-14,2030,37,9,Sep 2030,Q3,2030 Week 37
2030W38,2030W38,2030-09-15,2030-09-21,2030,38,9,Sep 2030,Q3,2030 Week 38
2030W39,2030W39,2030-09-22,2030-09-28,2030,39,9,Sep 2030,Q3,2030 Week 39
2030W40,2030W40,2030-09-29,2030-10-05,2030,40,9,Sep 2030,Q3,2030 Week 40
2030W41,2030W41,2030-10-06,2030-10-12,2030,41,10,Oct 2030,Q4,2030 Week 41
2030W42,2030W42,2030-10-13,2030-10-19,2030,42,10,Oct 2030,Q4,2030 Week 42
2030W43,2030W43,2030-10-20,2030-10-26,2030,43,10,Oct 2030,Q4,2030 Week 43
2030W44,2030W44,2030-10-27,2030-11-02,2030,44,10,Oct 2030,Q4,2030 Week 44
2030W45,2030W45,2030-11-03,2030-11-09,2030,45,11,Nov 2030,Q4,2030 Week 45
2030W46,2030W46,2030-11-10,2030-11-16,2030,46,11,Nov 2030,Q4,2030 Week 46
2030W47,2030W47,2030-11-17,2030-11-23,2030,47,11,Nov 2030,Q4,2030 Week 47
2030W48,2030W48,2030-11-24,2030-11-30,2030,48,11,Nov 2030,Q4,2030 Week 48
2030W49,2030W49,2030-12-01,2030-12-07,2030,49,12,Dec 2030,Q4,2030 Week 49
2030W50,2030W50,2030-12-08,2030-12-14,2030,50,12,Dec 2030,Q4,2030 Week 50
2030W51,2030W51,2030-12-15,2030-12-21,2030,51,12,Dec 2030,Q4,2030 Week 51
2030W52,2030W52,2030-12-22,2030-12-28,2030,52,12,Dec 2030,Q4,2030 Week 52
2030W53,2030W53,2030-12-29,2031-01-04,2030,53,12,Dec 2030,Q4,2030 Week 53
