canonical_year,canonical_week_number,canonical_week_id,week_start,week_end,month_number,month_label,quarter_label,display_label,season_tag,country_holiday_flag_eg,country_holiday_flag_uae,country_holiday_flag_sa,major_event_tag,uae_specific_event
2017,53,2017W53,12/31/2017,1/6/2018,12,17-Dec,Q4,2017 Week 53,,,,,,
2018,2,2018W02,1/7/2018,1/13/2018,1,18-Jan,Q1,2018 Week 02,,,,,,
2018,3,2018W03,1/14/2018,1/20/2018,1,18-Jan,Q1,2018 Week 03,,,,,,
2018,4,2018W04,1/21/2018,1/27/2018,1,18-Jan,Q1,2018 Week 04,,,,,,
2018,5,2018W05,1/28/2018,2/3/2018,1,18-Jan,Q1,2018 Week 05,,,,,,
2018,6,2018W06,2/4/2018,2/10/2018,2,18-Feb,Q1,2018 Week 06,,,,,,
2018,7,2018W07,2/11/2018,2/17/2018,2,18-Feb,Q1,2018 Week 07,,,,,,
2018,8,2018W08,2/18/2018,2/24/2018,2,18-Feb,Q1,2018 Week 08,,,,,,
2018,9,2018W09,2/25/2018,3/3/2018,2,18-Feb,Q1,2018 Week 09,,,,,,
2018,10,2018W10,3/4/2018,3/10/2018,3,18-Mar,Q1,2018 Week 10,,,,,,
2018,11,2018W11,3/11/2018,3/17/2018,3,18-Mar,Q1,2018 Week 11,,,,,,
2018,12,2018W12,3/18/2018,3/24/2018,3,18-Mar,Q1,2018 Week 12,,,,,,
2018,13,2018W13,3/25/2018,3/31/2018,3,18-Mar,Q1,2018 Week 13,,,,,,
2018,14,2018W14,4/1/2018,4/7/2018,4,18-Apr,Q2,2018 Week 14,,,,,,
2018,15,2018W15,4/8/2018,4/14/2018,4,18-Apr,Q2,2018 Week 15,,,,,,
2018,16,2018W16,4/15/2018,4/21/2018,4,18-Apr,Q2,2018 Week 16,,,,,,
2018,17,2018W17,4/22/2018,4/28/2018,4,18-Apr,Q2,2018 Week 17,,,,,,
2018,18,2018W18,4/29/2018,5/5/2018,4,18-Apr,Q2,2018 Week 18,,,,,,
2018,19,2018W19,5/6/2018,5/12/2018,5,18-May,Q2,2018 Week 19,,,,,,
2018,20,2018W20,5/13/2018,5/19/2018,5,18-May,Q2,2018 Week 20,,,,,,
2018,21,2018W21,5/20/2018,5/26/2018,5,18-May,Q2,2018 Week 21,,,,,,
2018,22,2018W22,5/27/2018,6/2/2018,5,18-May,Q2,2018 Week 22,,,,,,
2018,23,2018W23,6/3/2018,6/9/2018,6,18-Jun,Q2,2018 Week 23,,,,,,
2018,24,2018W24,6/10/2018,6/16/2018,6,18-Jun,Q2,2018 Week 24,,,,,,
2018,25,2018W25,6/17/2018,6/23/2018,6,18-Jun,Q2,2018 Week 25,,,,,,
2018,26,2018W26,6/24/2018,6/30/2018,6,18-Jun,Q2,2018 Week 26,,,,,,
2018,27,2018W27,7/1/2018,7/7/2018,7,18-Jul,Q3,2018 Week 27,,,,,,
2018,28,2018W28,7/8/2018,7/14/2018,7,18-Jul,Q3,2018 Week 28,,,,,,
2018,29,2018W29,7/15/2018,7/21/2018,7,18-Jul,Q3,2018 Week 29,,,,,,
2018,30,2018W30,7/22/2018,7/28/2018,7,18-Jul,Q3,2018 Week 30,,,,,,
2018,31,2018W31,7/29/2018,8/4/2018,7,18-Jul,Q3,2018 Week 31,,,,,,
2018,32,2018W32,8/5/2018,8/11/2018,8,18-Aug,Q3,2018 Week 32,,,,,,
2018,33,2018W33,8/12/2018,8/18/2018,8,18-Aug,Q3,2018 Week 33,,,,,,
2018,34,2018W34,8/19/2018,8/25/2018,8,18-Aug,Q3,2018 Week 34,,,,,,
2018,35,2018W35,8/26/2018,9/1/2018,8,18-Aug,Q3,2018 Week 35,,,,,,
2018,36,2018W36,9/2/2018,9/8/2018,9,18-Sep,Q3,2018 Week 36,,,,,,
2018,37,2018W37,9/9/2018,9/15/2018,9,18-Sep,Q3,2018 Week 37,,,,,,
2018,38,2018W38,9/16/2018,9/22/2018,9,18-Sep,Q3,2018 Week 38,,,,,,
2018,39,2018W39,9/23/2018,9/29/2018,9,18-Sep,Q3,2018 Week 39,,,,,,
2018,40,2018W40,9/30/2018,10/6/2018,9,18-Sep,Q3,2018 Week 40,,,,,,
2018,41,2018W41,10/7/2018,10/13/2018,10,18-Oct,Q4,2018 Week 41,,,,,,
2018,42,2018W42,10/14/2018,10/20/2018,10,18-Oct,Q4,2018 Week 42,,,,,,
2018,43,2018W43,10/21/2018,10/27/2018,10,18-Oct,Q4,2018 Week 43,,,,,,
2018,44,2018W44,10/28/2018,11/3/2018,10,18-Oct,Q4,2018 Week 44,,,,,,
2018,45,2018W45,11/4/2018,11/10/2018,11,18-Nov,Q4,2018 Week 45,,,,,,
2018,46,2018W46,11/11/2018,11/17/2018,11,18-Nov,Q4,2018 Week 46,,,,,,
2018,47,2018W47,11/18/2018,11/24/2018,11,18-Nov,Q4,2018 Week 47,,,,,,
2018,48,2018W48,11/25/2018,12/1/2018,11,18-Nov,Q4,2018 Week 48,,,,,,
2018,49,2018W49,12/2/2018,12/8/2018,12,18-Dec,Q4,2018 Week 49,,,,,,
2018,50,2018W50,12/9/2018,12/15/2018,12,18-Dec,Q4,2018 Week 50,,,,,,
2018,51,2018W51,12/16/2018,12/22/2018,12,18-Dec,Q4,2018 Week 51,,,,,,
2018,52,2018W52,12/23/2018,12/29/2018,12,18-Dec,Q4,2018 Week 52,,,,,,
2018,53,2018W53,12/30/2018,1/5/2019,12,18-Dec,Q4,2018 Week 53,,,,,,
2019,2,2019W02,1/6/2019,1/12/2019,1,19-Jan,Q1,2019 Week 02,,,,,,
2019,3,2019W03,1/13/2019,1/19/2019,1,19-Jan,Q1,2019 Week 03,,,,,,
2019,4,2019W04,1/20/2019,1/26/2019,1,19-Jan,Q1,2019 Week 04,,,,,,
2019,5,2019W05,1/27/2019,2/2/2019,1,19-Jan,Q1,2019 Week 05,,,,,,
2019,6,2019W06,2/3/2019,2/9/2019,2,19-Feb,Q1,2019 Week 06,,,,,,
2019,7,2019W07,2/10/2019,2/16/2019,2,19-Feb,Q1,2019 Week 07,,,,,,
2019,8,2019W08,2/17/2019,2/23/2019,2,19-Feb,Q1,2019 Week 08,,,,,,
2019,9,2019W09,2/24/2019,3/2/2019,2,19-Feb,Q1,2019 Week 09,,,,,,
2019,10,2019W10,3/3/2019,3/9/2019,3,19-Mar,Q1,2019 Week 10,,,,,,
2019,11,2019W11,3/10/2019,3/16/2019,3,19-Mar,Q1,2019 Week 11,,,,,,
2019,12,2019W12,3/17/2019,3/23/2019,3,19-Mar,Q1,2019 Week 12,,,,,,
2019,13,2019W13,3/24/2019,3/30/2019,3,19-Mar,Q1,2019 Week 13,,,,,,
2019,14,2019W14,3/31/2019,4/6/2019,3,19-Mar,Q1,2019 Week 14,,,,,,
2019,15,2019W15,4/7/2019,4/13/2019,4,19-Apr,Q2,2019 Week 15,,,,,,
2019,16,2019W16,4/14/2019,4/20/2019,4,19-Apr,Q2,2019 Week 16,,,,,,
2019,17,2019W17,4/21/2019,4/27/2019,4,19-Apr,Q2,2019 Week 17,,,,,,
2019,18,2019W18,4/28/2019,5/4/2019,4,19-Apr,Q2,2019 Week 18,,,,,,
2019,19,2019W19,5/5/2019,5/11/2019,5,19-May,Q2,2019 Week 19,,,,,,
2019,20,2019W20,5/12/2019,5/18/2019,5,19-May,Q2,2019 Week 20,,,,,,
2019,21,2019W21,5/19/2019,5/25/2019,5,19-May,Q2,2019 Week 21,,,,,,
2019,22,2019W22,5/26/2019,6/1/2019,5,19-May,Q2,2019 Week 22,,,,,,
2019,23,2019W23,6/2/2019,6/8/2019,6,19-Jun,Q2,2019 Week 23,,,,,,
2019,24,2019W24,6/9/2019,6/15/2019,6,19-Jun,Q2,2019 Week 24,,,,,,
2019,25,2019W25,6/16/2019,6/22/2019,6,19-Jun,Q2,2019 Week 25,,,,,,
2019,26,2019W26,6/23/2019,6/29/2019,6,19-Jun,Q2,2019 Week 26,,,,,,
2019,27,2019W27,6/30/2019,7/6/2019,6,19-Jun,Q2,2019 Week 27,,,,,,
2019,28,2019W28,7/7/2019,7/13/2019,7,19-Jul,Q3,2019 Week 28,,,,,,
2019,29,2019W29,7/14/2019,7/20/2019,7,19-Jul,Q3,2019 Week 29,,,,,,
2019,30,2019W30,7/21/2019,7/27/2019,7,19-Jul,Q3,2019 Week 30,,,,,,
2019,31,2019W31,7/28/2019,8/3/2019,7,19-Jul,Q3,2019 Week 31,,,,,,
2019,32,2019W32,8/4/2019,8/10/2019,8,19-Aug,Q3,2019 Week 32,,,,,,
2019,33,2019W33,8/11/2019,8/17/2019,8,19-Aug,Q3,2019 Week 33,,,,,,
2019,34,2019W34,8/18/2019,8/24/2019,8,19-Aug,Q3,2019 Week 34,,,,,,
2019,35,2019W35,8/25/2019,8/31/2019,8,19-Aug,Q3,2019 Week 35,,,,,,
2019,36,2019W36,9/1/2019,9/7/2019,9,19-Sep,Q3,2019 Week 36,,,,,,
2019,37,2019W37,9/8/2019,9/14/2019,9,19-Sep,Q3,2019 Week 37,,,,,,
2019,38,2019W38,9/15/2019,9/21/2019,9,19-Sep,Q3,2019 Week 38,,,,,,
2019,39,2019W39,9/22/2019,9/28/2019,9,19-Sep,Q3,2019 Week 39,,,,,,
2019,40,2019W40,9/29/2019,10/5/2019,9,19-Sep,Q3,2019 Week 40,,,,,,
2019,41,2019W41,10/6/2019,10/12/2019,10,19-Oct,Q4,2019 Week 41,,,,,,
2019,42,2019W42,10/13/2019,10/19/2019,10,19-Oct,Q4,2019 Week 42,,,,,,
2019,43,2019W43,10/20/2019,10/26/2019,10,19-Oct,Q4,2019 Week 43,,,,,,
2019,44,2019W44,10/27/2019,11/2/2019,10,19-Oct,Q4,2019 Week 44,,,,,,
2019,45,2019W45,11/3/2019,11/9/2019,11,19-Nov,Q4,2019 Week 45,,,,,,
2019,46,2019W46,11/10/2019,11/16/2019,11,19-Nov,Q4,2019 Week 46,,,,,,
2019,47,2019W47,11/17/2019,11/23/2019,11,19-Nov,Q4,2019 Week 47,,,,,,
2019,48,2019W48,11/24/2019,11/30/2019,11,19-Nov,Q4,2019 Week 48,,,,,,
2019,49,2019W49,12/1/2019,12/7/2019,12,19-Dec,Q4,2019 Week 49,,,,,,
2019,50,2019W50,12/8/2019,12/14/2019,12,19-Dec,Q4,2019 Week 50,,,,,,
2019,51,2019W51,12/15/2019,12/21/2019,12,19-Dec,Q4,2019 Week 51,,,,,,
2019,52,2019W52,12/22/2019,12/28/2019,12,19-Dec,Q4,2019 Week 52,,,,,,
2019,53,2019W53,12/29/2019,1/4/2020,12,19-Dec,Q4,2019 Week 53,,,,,,
2020,2,2020W02,1/5/2020,1/11/2020,1,20-Jan,Q1,2020 Week 02,,,,,,
2020,3,2020W03,1/12/2020,1/18/2020,1,20-Jan,Q1,2020 Week 03,,,,,,
2020,4,2020W04,1/19/2020,1/25/2020,1,20-Jan,Q1,2020 Week 04,,,,,,
2020,5,2020W05,1/26/2020,2/1/2020,1,20-Jan,Q1,2020 Week 05,,,,,,
2020,6,2020W06,2/2/2020,2/8/2020,2,20-Feb,Q1,2020 Week 06,,,,,,
2020,7,2020W07,2/9/2020,2/15/2020,2,20-Feb,Q1,2020 Week 07,,,,,,
2020,8,2020W08,2/16/2020,2/22/2020,2,20-Feb,Q1,2020 Week 08,,,,,,
2020,9,2020W09,2/23/2020,2/29/2020,2,20-Feb,Q1,2020 Week 09,,,,,,
2020,10,2020W10,3/1/2020,3/7/2020,3,20-Mar,Q1,2020 Week 10,,,,,,
2020,11,2020W11,3/8/2020,3/14/2020,3,20-Mar,Q1,2020 Week 11,,,,,,
2020,12,2020W12,3/15/2020,3/21/2020,3,20-Mar,Q1,2020 Week 12,,,,,,
2020,13,2020W13,3/22/2020,3/28/2020,3,20-Mar,Q1,2020 Week 13,,,,,,
2020,14,2020W14,3/29/2020,4/4/2020,3,20-Mar,Q1,2020 Week 14,,,,,,
2020,15,2020W15,4/5/2020,4/11/2020,4,20-Apr,Q2,2020 Week 15,,,,,,
2020,16,2020W16,4/12/2020,4/18/2020,4,20-Apr,Q2,2020 Week 16,,,,,,
2020,17,2020W17,4/19/2020,4/25/2020,4,20-Apr,Q2,2020 Week 17,,,,,,
2020,18,2020W18,4/26/2020,5/2/2020,4,20-Apr,Q2,2020 Week 18,,,,,,
2020,19,2020W19,5/3/2020,5/9/2020,5,20-May,Q2,2020 Week 19,,,,,,
2020,20,2020W20,5/10/2020,5/16/2020,5,20-May,Q2,2020 Week 20,,,,,,
2020,21,2020W21,5/17/2020,5/23/2020,5,20-May,Q2,2020 Week 21,,,,,,
2020,22,2020W22,5/24/2020,5/30/2020,5,20-May,Q2,2020 Week 22,,,,,,
2020,23,2020W23,5/31/2020,6/6/2020,5,20-May,Q2,2020 Week 23,,,,,,
2020,24,2020W24,6/7/2020,6/13/2020,6,20-Jun,Q2,2020 Week 24,,,,,,
2020,25,2020W25,6/14/2020,6/20/2020,6,20-Jun,Q2,2020 Week 25,,,,,,
2020,26,2020W26,6/21/2020,6/27/2020,6,20-Jun,Q2,2020 Week 26,,,,,,
2020,27,2020W27,6/28/2020,7/4/2020,6,20-Jun,Q2,2020 Week 27,,,,,,
2020,28,2020W28,7/5/2020,7/11/2020,7,20-Jul,Q3,2020 Week 28,,,,,,
2020,29,2020W29,7/12/2020,7/18/2020,7,20-Jul,Q3,2020 Week 29,,,,,,
2020,30,2020W30,7/19/2020,7/25/2020,7,20-Jul,Q3,2020 Week 30,,,,,,
2020,31,2020W31,7/26/2020,8/1/2020,7,20-Jul,Q3,2020 Week 31,,,,,,
2020,32,2020W32,8/2/2020,8/8/2020,8,20-Aug,Q3,2020 Week 32,,,,,,
2020,33,2020W33,8/9/2020,8/15/2020,8,20-Aug,Q3,2020 Week 33,,,,,,
2020,34,2020W34,8/16/2020,8/22/2020,8,20-Aug,Q3,2020 Week 34,,,,,,
2020,35,2020W35,8/23/2020,8/29/2020,8,20-Aug,Q3,2020 Week 35,,,,,,
2020,36,2020W36,8/30/2020,9/5/2020,8,20-Aug,Q3,2020 Week 36,,,,,,
2020,37,2020W37,9/6/2020,9/12/2020,9,20-Sep,Q3,2020 Week 37,,,,,,
2020,38,2020W38,9/13/2020,9/19/2020,9,20-Sep,Q3,2020 Week 38,,,,,,
2020,39,2020W39,9/20/2020,9/26/2020,9,20-Sep,Q3,2020 Week 39,,,,,,
2020,40,2020W40,9/27/2020,10/3/2020,9,20-Sep,Q3,2020 Week 40,,,,,,
2020,41,2020W41,10/4/2020,10/10/2020,10,20-Oct,Q4,2020 Week 41,,,,,,
2020,42,2020W42,10/11/2020,10/17/2020,10,20-Oct,Q4,2020 Week 42,,,,,,
2020,43,2020W43,10/18/2020,10/24/2020,10,20-Oct,Q4,2020 Week 43,,,,,,
2020,44,2020W44,10/25/2020,10/31/2020,10,20-Oct,Q4,2020 Week 44,,,,,,
2020,45,2020W45,11/1/2020,11/7/2020,11,20-Nov,Q4,2020 Week 45,,,,,,
2020,46,2020W46,11/8/2020,11/14/2020,11,20-Nov,Q4,2020 Week 46,,,,,,
2020,47,2020W47,11/15/2020,11/21/2020,11,20-Nov,Q4,2020 Week 47,,,,,,
2020,48,2020W48,11/22/2020,11/28/2020,11,20-Nov,Q4,2020 Week 48,,,,,,
2020,49,2020W49,11/29/2020,12/5/2020,11,20-Nov,Q4,2020 Week 49,,,,,,
2020,50,2020W50,12/6/2020,12/12/2020,12,20-Dec,Q4,2020 Week 50,,,,,,
2020,51,2020W51,12/13/2020,12/19/2020,12,20-Dec,Q4,2020 Week 51,,,,,,
2020,52,2020W52,12/20/2020,12/26/2020,12,20-Dec,Q4,2020 Week 52,,,,,,
2020,53,2020W53,12/27/2020,1/2/2021,12,20-Dec,Q4,2020 Week 53,,,,,,
2021,2,2021W02,1/3/2021,1/9/2021,1,21-Jan,Q1,2021 Week 02,,,,,,
2021,3,2021W03,1/10/2021,1/16/2021,1,21-Jan,Q1,2021 Week 03,,,,,,
2021,4,2021W04,1/17/2021,1/23/2021,1,21-Jan,Q1,2021 Week 04,,,,,,
2021,5,2021W05,1/24/2021,1/30/2021,1,21-Jan,Q1,2021 Week 05,,,,,,
2021,6,2021W06,1/31/2021,2/6/2021,1,21-Jan,Q1,2021 Week 06,,,,,,
2021,7,2021W07,2/7/2021,2/13/2021,2,21-Feb,Q1,2021 Week 07,,,,,,
2021,8,2021W08,2/14/2021,2/20/2021,2,21-Feb,Q1,2021 Week 08,,,,,,
2021,9,2021W09,2/21/2021,2/27/2021,2,21-Feb,Q1,2021 Week 09,,,,,,
2021,10,2021W10,2/28/2021,3/6/2021,2,21-Feb,Q1,2021 Week 10,,,,,,
2021,11,2021W11,3/7/2021,3/13/2021,3,21-Mar,Q1,2021 Week 11,,,,,,
2021,12,2021W12,3/14/2021,3/20/2021,3,21-Mar,Q1,2021 Week 12,,,,,,
2021,13,2021W13,3/21/2021,3/27/2021,3,21-Mar,Q1,2021 Week 13,,,,,,
2021,14,2021W14,3/28/2021,4/3/2021,3,21-Mar,Q1,2021 Week 14,,,,,,
2021,15,2021W15,4/4/2021,4/10/2021,4,21-Apr,Q2,2021 Week 15,,,,,,
2021,16,2021W16,4/11/2021,4/17/2021,4,21-Apr,Q2,2021 Week 16,,,,,,
2021,17,2021W17,4/18/2021,4/24/2021,4,21-Apr,Q2,2021 Week 17,,,,,,
2021,18,2021W18,4/25/2021,5/1/2021,4,21-Apr,Q2,2021 Week 18,,,,,,
2021,19,2021W19,5/2/2021,5/8/2021,5,21-May,Q2,2021 Week 19,,,,,,
2021,20,2021W20,5/9/2021,5/15/2021,5,21-May,Q2,2021 Week 20,,,,,,
2021,21,2021W21,5/16/2021,5/22/2021,5,21-May,Q2,2021 Week 21,,,,,,
2021,22,2021W22,5/23/2021,5/29/2021,5,21-May,Q2,2021 Week 22,,,,,,
2021,23,2021W23,5/30/2021,6/5/2021,5,21-May,Q2,2021 Week 23,,,,,,
2021,24,2021W24,6/6/2021,6/12/2021,6,21-Jun,Q2,2021 Week 24,,,,,,
2021,25,2021W25,6/13/2021,6/19/2021,6,21-Jun,Q2,2021 Week 25,,,,,,
2021,26,2021W26,6/20/2021,6/26/2021,6,21-Jun,Q2,2021 Week 26,,,,,,
2021,27,2021W27,6/27/2021,7/3/2021,6,21-Jun,Q2,2021 Week 27,,,,,,
2021,28,2021W28,7/4/2021,7/10/2021,7,21-Jul,Q3,2021 Week 28,,,,,,
2021,29,2021W29,7/11/2021,7/17/2021,7,21-Jul,Q3,2021 Week 29,,,,,,
2021,30,2021W30,7/18/2021,7/24/2021,7,21-Jul,Q3,2021 Week 30,,,,,,
2021,31,2021W31,7/25/2021,7/31/2021,7,21-Jul,Q3,2021 Week 31,,,,,,
2021,32,2021W32,8/1/2021,8/7/2021,8,21-Aug,Q3,2021 Week 32,,,,,,
2021,33,2021W33,8/8/2021,8/14/2021,8,21-Aug,Q3,2021 Week 33,,,,,,
2021,34,2021W34,8/15/2021,8/21/2021,8,21-Aug,Q3,2021 Week 34,,,,,,
2021,35,2021W35,8/22/2021,8/28/2021,8,21-Aug,Q3,2021 Week 35,,,,,,
2021,36,2021W36,8/29/2021,9/4/2021,8,21-Aug,Q3,2021 Week 36,,,,,,
2021,37,2021W37,9/5/2021,9/11/2021,9,21-Sep,Q3,2021 Week 37,,,,,,
2021,38,2021W38,9/12/2021,9/18/2021,9,21-Sep,Q3,2021 Week 38,,,,,,
2021,39,2021W39,9/19/2021,9/25/2021,9,21-Sep,Q3,2021 Week 39,,,,,,
2021,40,2021W40,9/26/2021,10/2/2021,9,21-Sep,Q3,2021 Week 40,,,,,,
2021,41,2021W41,10/3/2021,10/9/2021,10,21-Oct,Q4,2021 Week 41,,,,,,
2021,42,2021W42,10/10/2021,10/16/2021,10,21-Oct,Q4,2021 Week 42,,,,,,
2021,43,2021W43,10/17/2021,10/23/2021,10,21-Oct,Q4,2021 Week 43,,,,,,
2021,44,2021W44,10/24/2021,10/30/2021,10,21-Oct,Q4,2021 Week 44,,,,,,
2021,45,2021W45,10/31/2021,11/6/2021,10,21-Oct,Q4,2021 Week 45,,,,,,
2021,46,2021W46,11/7/2021,11/13/2021,11,21-Nov,Q4,2021 Week 46,,,,,,
2021,47,2021W47,11/14/2021,11/20/2021,11,21-Nov,Q4,2021 Week 47,,,,,,
2021,48,2021W48,11/21/2021,11/27/2021,11,21-Nov,Q4,2021 Week 48,,,,,,
2021,49,2021W49,11/28/2021,12/4/2021,11,21-Nov,Q4,2021 Week 49,,,,,,
2021,50,2021W50,12/5/2021,12/11/2021,12,21-Dec,Q4,2021 Week 50,,,,,,
2021,51,2021W51,12/12/2021,12/18/2021,12,21-Dec,Q4,2021 Week 51,,,,,,
2021,52,2021W52,12/19/2021,12/25/2021,12,21-Dec,Q4,2021 Week 52,,,,,,
2021,53,2021W53,12/26/2021,1/1/2022,12,21-Dec,Q4,2021 Week 53,,,,,,
2022,2,2022W02,1/2/2022,1/8/2022,1,22-Jan,Q1,2022 Week 02,,,,,,
2022,3,2022W03,1/9/2022,1/15/2022,1,22-Jan,Q1,2022 Week 03,,,,,,
2022,4,2022W04,1/16/2022,1/22/2022,1,22-Jan,Q1,2022 Week 04,,,,,,
2022,5,2022W05,1/23/2022,1/29/2022,1,22-Jan,Q1,2022 Week 05,,,,,,
2022,6,2022W06,1/30/2022,2/5/2022,1,22-Jan,Q1,2022 Week 06,,,,,,
2022,7,2022W07,2/6/2022,2/12/2022,2,22-Feb,Q1,2022 Week 07,,,,,,
2022,8,2022W08,2/13/2022,2/19/2022,2,22-Feb,Q1,2022 Week 08,,,,,,
2022,9,2022W09,2/20/2022,2/26/2022,2,22-Feb,Q1,2022 Week 09,,,,,,
2022,10,2022W10,2/27/2022,3/5/2022,2,22-Feb,Q1,2022 Week 10,,,,,,
2022,11,2022W11,3/6/2022,3/12/2022,3,22-Mar,Q1,2022 Week 11,,,,,,
2022,12,2022W12,3/13/2022,3/19/2022,3,22-Mar,Q1,2022 Week 12,,,,,,
2022,13,2022W13,3/20/2022,3/26/2022,3,22-Mar,Q1,2022 Week 13,,,,,,
2022,14,2022W14,3/27/2022,4/2/2022,3,22-Mar,Q1,2022 Week 14,,,,,,
2022,15,2022W15,4/3/2022,4/9/2022,4,22-Apr,Q2,2022 Week 15,,,,,,
2022,16,2022W16,4/10/2022,4/16/2022,4,22-Apr,Q2,2022 Week 16,,,,,,
2022,17,2022W17,4/17/2022,4/23/2022,4,22-Apr,Q2,2022 Week 17,,,,,,
2022,18,2022W18,4/24/2022,4/30/2022,4,22-Apr,Q2,2022 Week 18,,,,,,
2022,19,2022W19,5/1/2022,5/7/2022,5,22-May,Q2,2022 Week 19,,,,,,
2022,20,2022W20,5/8/2022,5/14/2022,5,22-May,Q2,2022 Week 20,,,,,,
2022,21,2022W21,5/15/2022,5/21/2022,5,22-May,Q2,2022 Week 21,,,,,,
2022,22,2022W22,5/22/2022,5/28/2022,5,22-May,Q2,2022 Week 22,,,,,,
2022,23,2022W23,5/29/2022,6/4/2022,5,22-May,Q2,2022 Week 23,,,,,,
2022,24,2022W24,6/5/2022,6/11/2022,6,22-Jun,Q2,2022 Week 24,,,,,,
2022,25,2022W25,6/12/2022,6/18/2022,6,22-Jun,Q2,2022 Week 25,,,,,,
2022,26,2022W26,6/19/2022,6/25/2022,6,22-Jun,Q2,2022 Week 26,,,,,,
2022,27,2022W27,6/26/2022,7/2/2022,6,22-Jun,Q2,2022 Week 27,,,,,,
2022,28,2022W28,7/3/2022,7/9/2022,7,22-Jul,Q3,2022 Week 28,,,,,,
2022,29,2022W29,7/10/2022,7/16/2022,7,22-Jul,Q3,2022 Week 29,,,,,,
2022,30,2022W30,7/17/2022,7/23/2022,7,22-Jul,Q3,2022 Week 30,,,,,,
2022,31,2022W31,7/24/2022,7/30/2022,7,22-Jul,Q3,2022 Week 31,,,,,,
2022,32,2022W32,7/31/2022,8/6/2022,7,22-Jul,Q3,2022 Week 32,,,,,,
2022,33,2022W33,8/7/2022,8/13/2022,8,22-Aug,Q3,2022 Week 33,,,,,,
2022,34,2022W34,8/14/2022,8/20/2022,8,22-Aug,Q3,2022 Week 34,,,,,,
2022,35,2022W35,8/21/2022,8/27/2022,8,22-Aug,Q3,2022 Week 35,,,,,,
2022,36,2022W36,8/28/2022,9/3/2022,8,22-Aug,Q3,2022 Week 36,,,,,,
2022,37,2022W37,9/4/2022,9/10/2022,9,22-Sep,Q3,2022 Week 37,,,,,,
2022,38,2022W38,9/11/2022,9/17/2022,9,22-Sep,Q3,2022 Week 38,,,,,,
2022,39,2022W39,9/18/2022,9/24/2022,9,22-Sep,Q3,2022 Week 39,,,,,,
2022,40,2022W40,9/25/2022,10/1/2022,9,22-Sep,Q3,2022 Week 40,,,,,,
2022,41,2022W41,10/2/2022,10/8/2022,10,22-Oct,Q4,2022 Week 41,,,,,,
2022,42,2022W42,10/9/2022,10/15/2022,10,22-Oct,Q4,2022 Week 42,,,,,,
2022,43,2022W43,10/16/2022,10/22/2022,10,22-Oct,Q4,2022 Week 43,,,,,,
2022,44,2022W44,10/23/2022,10/29/2022,10,22-Oct,Q4,2022 Week 44,,,,,,
2022,45,2022W45,10/30/2022,11/5/2022,10,22-Oct,Q4,2022 Week 45,,,,,,
2022,46,2022W46,11/6/2022,11/12/2022,11,22-Nov,Q4,2022 Week 46,,,,,,
2022,47,2022W47,11/13/2022,11/19/2022,11,22-Nov,Q4,2022 Week 47,,,,,,
2022,48,2022W48,11/20/2022,11/26/2022,11,22-Nov,Q4,2022 Week 48,,,,,,
2022,49,2022W49,11/27/2022,12/3/2022,11,22-Nov,Q4,2022 Week 49,,,,,,
2022,50,2022W50,12/4/2022,12/10/2022,12,22-Dec,Q4,2022 Week 50,,,,,,
2022,51,2022W51,12/11/2022,12/17/2022,12,22-Dec,Q4,2022 Week 51,,,,,,
2022,52,2022W52,12/18/2022,12/24/2022,12,22-Dec,Q4,2022 Week 52,,,,,,
2022,53,2022W53,12/25/2022,12/31/2022,12,22-Dec,Q4,2022 Week 53,,,,,,
2023,1,2023W01,1/1/2023,1/7/2023,1,23-Jan,Q1,2023 Week 01,,,,,,
2023,2,2023W02,1/8/2023,1/14/2023,1,23-Jan,Q1,2023 Week 02,,,,,,
2023,3,2023W03,1/15/2023,1/21/2023,1,23-Jan,Q1,2023 Week 03,,,,,,
2023,4,2023W04,1/22/2023,1/28/2023,1,23-Jan,Q1,2023 Week 04,,,,,,
2023,5,2023W05,1/29/2023,2/4/2023,1,23-Jan,Q1,2023 Week 05,,,,,,
2023,6,2023W06,2/5/2023,2/11/2023,2,23-Feb,Q1,2023 Week 06,,,,,,
2023,7,2023W07,2/12/2023,2/18/2023,2,23-Feb,Q1,2023 Week 07,,,,,,
2023,8,2023W08,2/19/2023,2/25/2023,2,23-Feb,Q1,2023 Week 08,,,,,,
2023,9,2023W09,2/26/2023,3/4/2023,2,23-Feb,Q1,2023 Week 09,,,,,,
2023,10,2023W10,3/5/2023,3/11/2023,3,23-Mar,Q1,2023 Week 10,,,,,,
2023,11,2023W11,3/12/2023,3/18/2023,3,23-Mar,Q1,2023 Week 11,,,,,,
2023,12,2023W12,3/19/2023,3/25/2023,3,23-Mar,Q1,2023 Week 12,,,,,,
2023,13,2023W13,3/26/2023,4/1/2023,3,23-Mar,Q1,2023 Week 13,,,,,,
2023,14,2023W14,4/2/2023,4/8/2023,4,23-Apr,Q2,2023 Week 14,,,,,,
2023,15,2023W15,4/9/2023,4/15/2023,4,23-Apr,Q2,2023 Week 15,,,,,,
2023,16,2023W16,4/16/2023,4/22/2023,4,23-Apr,Q2,2023 Week 16,,,,,,
2023,17,2023W17,4/23/2023,4/29/2023,4,23-Apr,Q2,2023 Week 17,,,,,,
2023,18,2023W18,4/30/2023,5/6/2023,4,23-Apr,Q2,2023 Week 18,,,,,,
2023,19,2023W19,5/7/2023,5/13/2023,5,23-May,Q2,2023 Week 19,,,,,,
2023,20,2023W20,5/14/2023,5/20/2023,5,23-May,Q2,2023 Week 20,,,,,,
2023,21,2023W21,5/21/2023,5/27/2023,5,23-May,Q2,2023 Week 21,,,,,,
2023,22,2023W22,5/28/2023,6/3/2023,5,23-May,Q2,2023 Week 22,,,,,,
2023,23,2023W23,6/4/2023,6/10/2023,6,23-Jun,Q2,2023 Week 23,,,,,,
2023,24,2023W24,6/11/2023,6/17/2023,6,23-Jun,Q2,2023 Week 24,,,,,,
2023,25,2023W25,6/18/2023,6/24/2023,6,23-Jun,Q2,2023 Week 25,,,,,,
2023,26,2023W26,6/25/2023,7/1/2023,6,23-Jun,Q2,2023 Week 26,,,,,,
2023,27,2023W27,7/2/2023,7/8/2023,7,23-Jul,Q3,2023 Week 27,,,,,,
2023,28,2023W28,7/9/2023,7/15/2023,7,23-Jul,Q3,2023 Week 28,,,,,,
2023,29,2023W29,7/16/2023,7/22/2023,7,23-Jul,Q3,2023 Week 29,,,,,,
2023,30,2023W30,7/23/2023,7/29/2023,7,23-Jul,Q3,2023 Week 30,,,,,,
2023,31,2023W31,7/30/2023,8/5/2023,7,23-Jul,Q3,2023 Week 31,,,,,,
2023,32,2023W32,8/6/2023,8/12/2023,8,23-Aug,Q3,2023 Week 32,,,,,,
2023,33,2023W33,8/13/2023,8/19/2023,8,23-Aug,Q3,2023 Week 33,,,,,,
2023,34,2023W34,8/20/2023,8/26/2023,8,23-Aug,Q3,2023 Week 34,,,,,,
2023,35,2023W35,8/27/2023,9/2/2023,8,23-Aug,Q3,2023 Week 35,,,,,,
2023,36,2023W36,9/3/2023,9/9/2023,9,23-Sep,Q3,2023 Week 36,,,,,,
2023,37,2023W37,9/10/2023,9/16/2023,9,23-Sep,Q3,2023 Week 37,,,,,,
2023,38,2023W38,9/17/2023,9/23/2023,9,23-Sep,Q3,2023 Week 38,,,,,,
2023,39,2023W39,9/24/2023,9/30/2023,9,23-Sep,Q3,2023 Week 39,,,,,,
2023,40,2023W40,10/1/2023,10/7/2023,10,23-Oct,Q4,2023 Week 40,,,,,,
2023,41,2023W41,10/8/2023,10/14/2023,10,23-Oct,Q4,2023 Week 41,,,,,,
2023,42,2023W42,10/15/2023,10/21/2023,10,23-Oct,Q4,2023 Week 42,,,,,,
2023,43,2023W43,10/22/2023,10/28/2023,10,23-Oct,Q4,2023 Week 43,,,,,,
2023,44,2023W44,10/29/2023,11/4/2023,10,23-Oct,Q4,2023 Week 44,,,,,,
2023,45,2023W45,11/5/2023,11/11/2023,11,23-Nov,Q4,2023 Week 45,,,,,,
2023,46,2023W46,11/12/2023,11/18/2023,11,23-Nov,Q4,2023 Week 46,,,,,,
2023,47,2023W47,11/19/2023,11/25/2023,11,23-Nov,Q4,2023 Week 47,,,,,,
2023,48,2023W48,11/26/2023,12/2/2023,11,23-Nov,Q4,2023 Week 48,,,,,,
2023,49,2023W49,12/3/2023,12/9/2023,12,23-Dec,Q4,2023 Week 49,,,,,,
2023,50,2023W50,12/10/2023,12/16/2023,12,23-Dec,Q4,2023 Week 50,,,,,,
2023,51,2023W51,12/17/2023,12/23/2023,12,23-Dec,Q4,2023 Week 51,,,,,,
2023,52,2023W52,12/24/2023,12/30/2023,12,23-Dec,Q4,2023 Week 52,,,,,,
2023,53,2023W53,12/31/2023,1/6/2024,12,23-Dec,Q4,2023 Week 53,,,,,,
2024,2,2024W02,1/7/2024,1/13/2024,1,24-Jan,Q1,2024 Week 02,,,,,,
2024,3,2024W03,1/14/2024,1/20/2024,1,24-Jan,Q1,2024 Week 03,,,,,,
2024,4,2024W04,1/21/2024,1/27/2024,1,24-Jan,Q1,2024 Week 04,,,,,,
2024,5,2024W05,1/28/2024,2/3/2024,1,24-Jan,Q1,2024 Week 05,,,,,,
2024,6,2024W06,2/4/2024,2/10/2024,2,24-Feb,Q1,2024 Week 06,,,,,,
2024,7,2024W07,2/11/2024,2/17/2024,2,24-Feb,Q1,2024 Week 07,,,,,,
2024,8,2024W08,2/18/2024,2/24/2024,2,24-Feb,Q1,2024 Week 08,,,,,,
2024,9,2024W09,2/25/2024,3/2/2024,2,24-Feb,Q1,2024 Week 09,,,,,,
2024,10,2024W10,3/3/2024,3/9/2024,3,24-Mar,Q1,2024 Week 10,,,,,,
2024,11,2024W11,3/10/2024,3/16/2024,3,24-Mar,Q1,2024 Week 11,,,,,,
2024,12,2024W12,3/17/2024,3/23/2024,3,24-Mar,Q1,2024 Week 12,,,,,,
2024,13,2024W13,3/24/2024,3/30/2024,3,24-Mar,Q1,2024 Week 13,,,,,,
2024,14,2024W14,3/31/2024,4/6/2024,3,24-Mar,Q1,2024 Week 14,,,,,,
2024,15,2024W15,4/7/2024,4/13/2024,4,24-Apr,Q2,2024 Week 15,,,,,,
2024,16,2024W16,4/14/2024,4/20/2024,4,24-Apr,Q2,2024 Week 16,,,,,,
2024,17,2024W17,4/21/2024,4/27/2024,4,24-Apr,Q2,2024 Week 17,,,,,,
2024,18,2024W18,4/28/2024,5/4/2024,4,24-Apr,Q2,2024 Week 18,,,,,,
2024,19,2024W19,5/5/2024,5/11/2024,5,24-May,Q2,2024 Week 19,,,,,,
2024,20,2024W20,5/12/2024,5/18/2024,5,24-May,Q2,2024 Week 20,,,,,,
2024,21,2024W21,5/19/2024,5/25/2024,5,24-May,Q2,2024 Week 21,,,,,,
2024,22,2024W22,5/26/2024,6/1/2024,5,24-May,Q2,2024 Week 22,,,,,,
2024,23,2024W23,6/2/2024,6/8/2024,6,24-Jun,Q2,2024 Week 23,,,,,,
2024,24,2024W24,6/9/2024,6/15/2024,6,24-Jun,Q2,2024 Week 24,,,,,,
2024,25,2024W25,6/16/2024,6/22/2024,6,24-Jun,Q2,2024 Week 25,,,,,,
2024,26,2024W26,6/23/2024,6/29/2024,6,24-Jun,Q2,2024 Week 26,,,,,,
2024,27,2024W27,6/30/2024,7/6/2024,6,24-Jun,Q2,2024 Week 27,,,,,,
2024,28,2024W28,7/7/2024,7/13/2024,7,24-Jul,Q3,2024 Week 28,,,,,,
2024,29,2024W29,7/14/2024,7/20/2024,7,24-Jul,Q3,2024 Week 29,,,,,,
2024,30,2024W30,7/21/2024,7/27/2024,7,24-Jul,Q3,2024 Week 30,,,,,,
2024,31,2024W31,7/28/2024,8/3/2024,7,24-Jul,Q3,2024 Week 31,,,,,,
2024,32,2024W32,8/4/2024,8/10/2024,8,24-Aug,Q3,2024 Week 32,,,,,,
2024,33,2024W33,8/11/2024,8/17/2024,8,24-Aug,Q3,2024 Week 33,,,,,,
2024,34,2024W34,8/18/2024,8/24/2024,8,24-Aug,Q3,2024 Week 34,,,,,,
2024,35,2024W35,8/25/2024,8/31/2024,8,24-Aug,Q3,2024 Week 35,,,,,,
2024,36,2024W36,9/1/2024,9/7/2024,9,24-Sep,Q3,2024 Week 36,,,,,,
2024,37,2024W37,9/8/2024,9/14/2024,9,24-Sep,Q3,2024 Week 37,,,,,,
2024,38,2024W38,9/15/2024,9/21/2024,9,24-Sep,Q3,2024 Week 38,,,,,,
2024,39,2024W39,9/22/2024,9/28/2024,9,24-Sep,Q3,2024 Week 39,,,,,,
2024,40,2024W40,9/29/2024,10/5/2024,9,24-Sep,Q3,2024 Week 40,,,,,,
2024,41,2024W41,10/6/2024,10/12/2024,10,24-Oct,Q4,2024 Week 41,,,,,,
2024,42,2024W42,10/13/2024,10/19/2024,10,24-Oct,Q4,2024 Week 42,,,,,,
2024,43,2024W43,10/20/2024,10/26/2024,10,24-Oct,Q4,2024 Week 43,,,,,,
2024,44,2024W44,10/27/2024,11/2/2024,10,24-Oct,Q4,2024 Week 44,,,,,,
2024,45,2024W45,11/3/2024,11/9/2024,11,24-Nov,Q4,2024 Week 45,,,,,,
2024,46,2024W46,11/10/2024,11/16/2024,11,24-Nov,Q4,2024 Week 46,,,,,,
2024,47,2024W47,11/17/2024,11/23/2024,11,24-Nov,Q4,2024 Week 47,,,,,,
2024,48,2024W48,11/24/2024,11/30/2024,11,24-Nov,Q4,2024 Week 48,,,,,,
2024,49,2024W49,12/1/2024,12/7/2024,12,24-Dec,Q4,2024 Week 49,,,,,,
2024,50,2024W50,12/8/2024,12/14/2024,12,24-Dec,Q4,2024 Week 50,,,,,,
2024,51,2024W51,12/15/2024,12/21/2024,12,24-Dec,Q4,2024 Week 51,,,,,,
2024,52,2024W52,12/22/2024,12/28/2024,12,24-Dec,Q4,2024 Week 52,,,,,,
2024,53,2024W53,12/29/2024,1/4/2025,12,24-Dec,Q4,2024 Week 53,,,,,,
2025,2,2025W02,1/5/2025,1/11/2025,1,25-Jan,Q1,2025 Week 02,,0,0,0,,DSF
2025,3,2025W03,1/12/2025,1/18/2025,1,25-Jan,Q1,2025 Week 03,,0,0,0,,DSF
2025,4,2025W04,1/19/2025,1/25/2025,1,25-Jan,Q1,2025 Week 04,,0,0,0,,DSF
2025,5,2025W05,1/26/2025,2/1/2025,1,25-Jan,Q1,2025 Week 05,,0,0,0,,DSF
2025,6,2025W06,2/2/2025,2/8/2025,2,25-Feb,Q1,2025 Week 06,,0,0,0,,
2025,7,2025W07,2/9/2025,2/15/2025,2,25-Feb,Q1,2025 Week 07,,0,0,0,,
2025,8,2025W08,2/16/2025,2/22/2025,2,25-Feb,Q1,2025 Week 08,,0,0,0,,
2025,9,2025W09,2/23/2025,3/1/2025,2,25-Feb,Q1,2025 Week 09,Ramadan,0,0,0,,
2025,10,2025W10,3/2/2025,3/8/2025,3,25-Mar,Q1,2025 Week 10,Ramadan,0,0,0,,
2025,11,2025W11,3/9/2025,3/15/2025,3,25-Mar,Q1,2025 Week 11,Ramadan,0,0,0,,
2025,12,2025W12,3/16/2025,3/22/2025,3,25-Mar,Q1,2025 Week 12,Ramadan,0,0,0,,
2025,13,2025W13,3/23/2025,3/29/2025,3,25-Mar,Q1,2025 Week 13,Ramadan,0,0,0,,
2025,14,2025W14,3/30/2025,4/5/2025,3,25-Mar,Q1,2025 Week 14,Eid al-Fitr period,0,1,0,Eid al-Fitr,
2025,15,2025W15,4/6/2025,4/12/2025,4,25-Apr,Q2,2025 Week 15,,0,0,0,,
2025,16,2025W16,4/13/2025,4/19/2025,4,25-Apr,Q2,2025 Week 16,,0,0,0,,
2025,17,2025W17,4/20/2025,4/26/2025,4,25-Apr,Q2,2025 Week 17,,0,0,0,,
2025,18,2025W18,4/27/2025,5/3/2025,4,25-Apr,Q2,2025 Week 18,,0,0,0,,
2025,19,2025W19,5/4/2025,5/10/2025,5,25-May,Q2,2025 Week 19,,0,0,0,,
2025,20,2025W20,5/11/2025,5/17/2025,5,25-May,Q2,2025 Week 20,,0,0,0,,
2025,21,2025W21,5/18/2025,5/24/2025,5,25-May,Q2,2025 Week 21,,0,0,0,,
2025,22,2025W22,5/25/2025,5/31/2025,5,25-May,Q2,2025 Week 22,,0,0,0,,
2025,23,2025W23,6/1/2025,6/7/2025,6,25-Jun,Q2,2025 Week 23,Eid al-Adha period,0,1,0,Eid al-Adha,
2025,24,2025W24,6/8/2025,6/14/2025,6,25-Jun,Q2,2025 Week 24,Eid al-Adha period,0,1,0,Eid al-Adha,
2025,25,2025W25,6/15/2025,6/21/2025,6,25-Jun,Q2,2025 Week 25,,0,0,0,,
2025,26,2025W26,6/22/2025,6/28/2025,6,25-Jun,Q2,2025 Week 26,,0,1,0,,
2025,27,2025W27,6/29/2025,7/5/2025,6,25-Jun,Q2,2025 Week 27,,0,0,0,,DSS
2025,28,2025W28,7/6/2025,7/12/2025,7,25-Jul,Q3,2025 Week 28,,0,0,0,,DSS
2025,29,2025W29,7/13/2025,7/19/2025,7,25-Jul,Q3,2025 Week 29,,0,0,0,,DSS
2025,30,2025W30,7/20/2025,7/26/2025,7,25-Jul,Q3,2025 Week 30,,0,0,0,,DSS
2025,31,2025W31,7/27/2025,8/2/2025,7,25-Jul,Q3,2025 Week 31,,0,0,0,,DSS
2025,32,2025W32,8/3/2025,8/9/2025,8,25-Aug,Q3,2025 Week 32,,0,0,0,,DSS
2025,33,2025W33,8/10/2025,8/16/2025,8,25-Aug,Q3,2025 Week 33,Back to School,0,0,0,,DSS; BTS UAE Early
2025,34,2025W34,8/17/2025,8/23/2025,8,25-Aug,Q3,2025 Week 34,Back to School,0,0,0,,DSS; BTS UAE Early; BTS UAE Peak
2025,35,2025W35,8/24/2025,8/30/2025,8,25-Aug,Q3,2025 Week 35,Back to School,0,0,0,,DSS; BTS UAE Peak
2025,36,2025W36,8/31/2025,9/6/2025,8,25-Aug,Q3,2025 Week 36,Back to School,0,1,0,,DSS; BTS UAE Peak
2025,37,2025W37,9/7/2025,9/13/2025,9,25-Sep,Q3,2025 Week 37,Back to School,0,0,0,,
2025,38,2025W38,9/14/2025,9/20/2025,9,25-Sep,Q3,2025 Week 38,,0,0,0,,
2025,39,2025W39,9/21/2025,9/27/2025,9,25-Sep,Q3,2025 Week 39,,0,0,0,Saudi National Day,
2025,40,2025W40,9/28/2025,10/4/2025,9,25-Sep,Q3,2025 Week 40,,0,0,0,,
2025,41,2025W41,10/5/2025,10/11/2025,10,25-Oct,Q4,2025 Week 41,,0,0,0,,GITEX
2025,42,2025W42,10/12/2025,10/18/2025,10,25-Oct,Q4,2025 Week 42,,0,0,0,,GITEX
2025,43,2025W43,10/19/2025,10/25/2025,10,25-Oct,Q4,2025 Week 43,,0,0,0,,GITEX
2025,44,2025W44,10/26/2025,11/1/2025,10,25-Oct,Q4,2025 Week 44,,0,0,0,,
2025,45,2025W45,11/2/2025,11/8/2025,11,25-Nov,Q4,2025 Week 45,,0,0,0,,
2025,46,2025W46,11/9/2025,11/15/2025,11,25-Nov,Q4,2025 Week 46,,0,0,0,,
2025,47,2025W47,11/16/2025,11/22/2025,11,25-Nov,Q4,2025 Week 47,,0,0,0,,
2025,48,2025W48,11/23/2025,11/29/2025,11,25-Nov,Q4,2025 Week 48,White Friday period,0,0,0,White Friday,
2025,49,2025W49,11/30/2025,12/6/2025,11,25-Nov,Q4,2025 Week 49,White Friday period,0,1,0,White Friday; UAE National Day,UAE National Day Sale
2025,50,2025W50,12/7/2025,12/13/2025,12,25-Dec,Q4,2025 Week 50,,0,0,0,,
2025,51,2025W51,12/14/2025,12/20/2025,12,25-Dec,Q4,2025 Week 51,,0,0,0,,
2025,52,2025W52,12/21/2025,12/27/2025,12,25-Dec,Q4,2025 Week 52,,0,0,0,,
2025,53,2025W53,12/28/2025,1/3/2026,12,25-Dec,Q4,2025 Week 53,,0,0,0,,
2026,2,2026W02,1/4/2026,1/10/2026,1,26-Jan,Q1,2026 Week 02,,0,0,0,,DSF
2026,3,2026W03,1/11/2026,1/17/2026,1,26-Jan,Q1,2026 Week 03,,0,0,0,,DSF
2026,4,2026W04,1/18/2026,1/24/2026,1,26-Jan,Q1,2026 Week 04,,0,0,0,,DSF
2026,5,2026W05,1/25/2026,1/31/2026,1,26-Jan,Q1,2026 Week 05,,0,0,0,,DSF
2026,6,2026W06,2/1/2026,2/7/2026,2,26-Feb,Q1,2026 Week 06,,0,0,0,,
2026,7,2026W07,2/8/2026,2/14/2026,2,26-Feb,Q1,2026 Week 07,,0,0,0,,
2026,8,2026W08,2/15/2026,2/21/2026,2,26-Feb,Q1,2026 Week 08,Ramadan,0,0,0,,
2026,9,2026W09,2/22/2026,2/28/2026,2,26-Feb,Q1,2026 Week 09,Ramadan,0,0,0,,
2026,10,2026W10,3/1/2026,3/7/2026,3,26-Mar,Q1,2026 Week 10,Ramadan,0,0,0,,
2026,11,2026W11,3/8/2026,3/14/2026,3,26-Mar,Q1,2026 Week 11,Ramadan,0,0,0,,
2026,12,2026W12,3/15/2026,3/21/2026,3,26-Mar,Q1,2026 Week 12,Ramadan; Eid al-Fitr period,0,1,0,Eid al-Fitr,
2026,13,2026W13,3/22/2026,3/28/2026,3,26-Mar,Q1,2026 Week 13,Eid al-Fitr period,0,1,0,Eid al-Fitr,
2026,14,2026W14,3/29/2026,4/4/2026,3,26-Mar,Q1,2026 Week 14,,0,0,0,,
2026,15,2026W15,4/5/2026,4/11/2026,4,26-Apr,Q2,2026 Week 15,,0,0,0,,
2026,16,2026W16,4/12/2026,4/18/2026,4,26-Apr,Q2,2026 Week 16,,0,0,0,,
2026,17,2026W17,4/19/2026,4/25/2026,4,26-Apr,Q2,2026 Week 17,,0,0,0,,
2026,18,2026W18,4/26/2026,5/2/2026,4,26-Apr,Q2,2026 Week 18,,0,0,0,,
2026,19,2026W19,5/3/2026,5/9/2026,5,26-May,Q2,2026 Week 19,,0,0,0,,
2026,20,2026W20,5/10/2026,5/16/2026,5,26-May,Q2,2026 Week 20,,0,0,0,,
2026,21,2026W21,5/17/2026,5/23/2026,5,26-May,Q2,2026 Week 21,,0,0,0,,
2026,22,2026W22,5/24/2026,5/30/2026,5,26-May,Q2,2026 Week 22,Eid al-Adha period,0,1,0,Eid al-Adha,
2026,23,2026W23,5/31/2026,6/6/2026,5,26-May,Q2,2026 Week 23,,0,0,0,,
2026,24,2026W24,6/7/2026,6/13/2026,6,26-Jun,Q2,2026 Week 24,,0,0,0,,
2026,25,2026W25,6/14/2026,6/20/2026,6,26-Jun,Q2,2026 Week 25,,0,1,0,,
2026,26,2026W26,6/21/2026,6/27/2026,6,26-Jun,Q2,2026 Week 26,,0,0,0,,
2026,27,2026W27,6/28/2026,7/4/2026,6,26-Jun,Q2,2026 Week 27,,0,0,0,,DSS
2026,28,2026W28,7/5/2026,7/11/2026,7,26-Jul,Q3,2026 Week 28,,0,0,0,,DSS
2026,29,2026W29,7/12/2026,7/18/2026,7,26-Jul,Q3,2026 Week 29,,0,0,0,,DSS
2026,30,2026W30,7/19/2026,7/25/2026,7,26-Jul,Q3,2026 Week 30,,0,0,0,,DSS
2026,31,2026W31,7/26/2026,8/1/2026,7,26-Jul,Q3,2026 Week 31,,0,0,0,,DSS
2026,32,2026W32,8/2/2026,8/8/2026,8,26-Aug,Q3,2026 Week 32,,0,0,0,,DSS
2026,33,2026W33,8/9/2026,8/15/2026,8,26-Aug,Q3,2026 Week 33,Back to School,0,0,0,,DSS; BTS UAE Early
2026,34,2026W34,8/16/2026,8/22/2026,8,26-Aug,Q3,2026 Week 34,Back to School,0,0,0,,DSS; BTS UAE Early; BTS UAE Peak
2026,35,2026W35,8/23/2026,8/29/2026,8,26-Aug,Q3,2026 Week 35,Back to School,0,0,0,,DSS; BTS UAE Peak
2026,36,2026W36,8/30/2026,9/5/2026,8,26-Aug,Q3,2026 Week 36,Back to School,0,0,0,,DSS; BTS UAE Peak
2026,37,2026W37,9/6/2026,9/12/2026,9,26-Sep,Q3,2026 Week 37,Back to School,0,0,0,,
2026,38,2026W38,9/13/2026,9/19/2026,9,26-Sep,Q3,2026 Week 38,,0,0,0,,
2026,39,2026W39,9/20/2026,9/26/2026,9,26-Sep,Q3,2026 Week 39,,0,1,0,Saudi National Day,
2026,40,2026W40,9/27/2026,10/3/2026,9,26-Sep,Q3,2026 Week 40,,0,0,0,,
2026,41,2026W41,10/4/2026,10/10/2026,10,26-Oct,Q4,2026 Week 41,,0,0,0,,GITEX
2026,42,2026W42,10/11/2026,10/17/2026,10,26-Oct,Q4,2026 Week 42,,0,0,0,,GITEX
2026,43,2026W43,10/18/2026,10/24/2026,10,26-Oct,Q4,2026 Week 43,,0,0,0,,GITEX
2026,44,2026W44,10/25/2026,10/31/2026,10,26-Oct,Q4,2026 Week 44,,0,0,0,,GITEX
2026,45,2026W45,11/1/2026,11/7/2026,11,26-Nov,Q4,2026 Week 45,,0,0,0,,
2026,46,2026W46,11/8/2026,11/14/2026,11,26-Nov,Q4,2026 Week 46,,0,0,0,,
2026,47,2026W47,11/15/2026,11/21/2026,11,26-Nov,Q4,2026 Week 47,,0,0,0,,
2026,48,2026W48,11/22/2026,11/28/2026,11,26-Nov,Q4,2026 Week 48,White Friday period,0,0,0,White Friday,
2026,49,2026W49,11/29/2026,12/5/2026,11,26-Nov,Q4,2026 Week 49,White Friday period,0,1,0,White Friday; UAE National Day,UAE National Day Sale
2026,50,2026W50,12/6/2026,12/12/2026,12,26-Dec,Q4,2026 Week 50,,0,0,0,,
2026,51,2026W51,12/13/2026,12/19/2026,12,26-Dec,Q4,2026 Week 51,,0,0,0,,
2026,52,2026W52,12/20/2026,12/26/2026,12,26-Dec,Q4,2026 Week 52,,0,0,0,,
2026,53,2026W53,12/27/2026,1/2/2027,12,26-Dec,Q4,2026 Week 53,,0,0,0,,
2027,2,2027W02,1/3/2027,1/9/2027,1,27-Jan,Q1,2027 Week 02,,0,0,0,,DSF
2027,3,2027W03,1/10/2027,1/16/2027,1,27-Jan,Q1,2027 Week 03,,0,0,0,,DSF
2027,4,2027W04,1/17/2027,1/23/2027,1,27-Jan,Q1,2027 Week 04,,0,0,0,,DSF
2027,5,2027W05,1/24/2027,1/30/2027,1,27-Jan,Q1,2027 Week 05,,0,0,0,,DSF
2027,6,2027W06,1/31/2027,2/6/2027,1,27-Jan,Q1,2027 Week 06,,0,0,0,,DSF
2027,7,2027W07,2/7/2027,2/13/2027,2,27-Feb,Q1,2027 Week 07,Ramadan,0,0,0,,
2027,8,2027W08,2/14/2027,2/20/2027,2,27-Feb,Q1,2027 Week 08,Ramadan,0,0,0,,
2027,9,2027W09,2/21/2027,2/27/2027,2,27-Feb,Q1,2027 Week 09,Ramadan,0,0,0,,
2027,10,2027W10,2/28/2027,3/6/2027,2,27-Feb,Q1,2027 Week 10,Ramadan,0,0,0,,
2027,11,2027W11,3/7/2027,3/13/2027,3,27-Mar,Q1,2027 Week 11,Ramadan; Eid al-Fitr period,0,1,0,Eid al-Fitr,
2027,12,2027W12,3/14/2027,3/20/2027,3,27-Mar,Q1,2027 Week 12,Eid al-Fitr period,0,1,0,Eid al-Fitr,
2027,13,2027W13,3/21/2027,3/27/2027,3,27-Mar,Q1,2027 Week 13,,0,0,0,,
2027,14,2027W14,3/28/2027,4/3/2027,3,27-Mar,Q1,2027 Week 14,,0,0,0,,
2027,15,2027W15,4/4/2027,4/10/2027,4,27-Apr,Q2,2027 Week 15,,0,0,0,,
2027,16,2027W16,4/11/2027,4/17/2027,4,27-Apr,Q2,2027 Week 16,,0,0,0,,
2027,17,2027W17,4/18/2027,4/24/2027,4,27-Apr,Q2,2027 Week 17,,0,0,0,,
2027,18,2027W18,4/25/2027,5/1/2027,4,27-Apr,Q2,2027 Week 18,,0,0,0,,
2027,19,2027W19,5/2/2027,5/8/2027,5,27-May,Q2,2027 Week 19,,0,0,0,,
2027,20,2027W20,5/9/2027,5/15/2027,5,27-May,Q2,2027 Week 20,,0,1,0,,
2027,21,2027W21,5/16/2027,5/22/2027,5,27-May,Q2,2027 Week 21,Eid al-Adha period,0,1,0,Eid al-Adha,
2027,22,2027W22,5/23/2027,5/29/2027,5,27-May,Q2,2027 Week 22,,0,0,0,,
2027,23,2027W23,5/30/2027,6/5/2027,5,27-May,Q2,2027 Week 23,,0,0,0,,
2027,24,2027W24,6/6/2027,6/12/2027,6,27-Jun,Q2,2027 Week 24,,0,0,0,,
2027,25,2027W25,6/13/2027,6/19/2027,6,27-Jun,Q2,2027 Week 25,,0,1,0,,
2027,26,2027W26,6/20/2027,6/26/2027,6,27-Jun,Q2,2027 Week 26,,0,0,0,,
2027,27,2027W27,6/27/2027,7/3/2027,6,27-Jun,Q2,2027 Week 27,,0,0,0,,DSS
2027,28,2027W28,7/4/2027,7/10/2027,7,27-Jul,Q3,2027 Week 28,,0,0,0,,DSS
2027,29,2027W29,7/11/2027,7/17/2027,7,27-Jul,Q3,2027 Week 29,,0,0,0,,DSS
2027,30,2027W30,7/18/2027,7/24/2027,7,27-Jul,Q3,2027 Week 30,,0,0,0,,DSS
2027,31,2027W31,7/25/2027,7/31/2027,7,27-Jul,Q3,2027 Week 31,,0,0,0,,DSS
2027,32,2027W32,8/1/2027,8/7/2027,8,27-Aug,Q3,2027 Week 32,,0,0,0,,DSS
2027,33,2027W33,8/8/2027,8/14/2027,8,27-Aug,Q3,2027 Week 33,,0,0,0,,DSS; BTS UAE Early
2027,34,2027W34,8/15/2027,8/21/2027,8,27-Aug,Q3,2027 Week 34,Back to School,0,0,0,,DSS; BTS UAE Early; BTS UAE Peak
2027,35,2027W35,8/22/2027,8/28/2027,8,27-Aug,Q3,2027 Week 35,Back to School,0,0,0,,DSS; BTS UAE Peak
2027,36,2027W36,8/29/2027,9/4/2027,8,27-Aug,Q3,2027 Week 36,Back to School,0,0,0,,DSS; BTS UAE Peak
2027,37,2027W37,9/5/2027,9/11/2027,9,27-Sep,Q3,2027 Week 37,Back to School,0,0,0,,BTS UAE Peak
2027,38,2027W38,9/12/2027,9/18/2027,9,27-Sep,Q3,2027 Week 38,,0,1,0,,
2027,39,2027W39,9/19/2027,9/25/2027,9,27-Sep,Q3,2027 Week 39,,0,0,0,Saudi National Day,
2027,40,2027W40,9/26/2027,10/2/2027,9,27-Sep,Q3,2027 Week 40,,0,0,0,,
2027,41,2027W41,10/3/2027,10/9/2027,10,27-Oct,Q4,2027 Week 41,,0,0,0,,
2027,42,2027W42,10/10/2027,10/16/2027,10,27-Oct,Q4,2027 Week 42,,0,0,0,,GITEX
2027,43,2027W43,10/17/2027,10/23/2027,10,27-Oct,Q4,2027 Week 43,,0,0,0,,GITEX
2027,44,2027W44,10/24/2027,10/30/2027,10,27-Oct,Q4,2027 Week 44,,0,0,0,,GITEX
2027,45,2027W45,10/31/2027,11/6/2027,10,27-Oct,Q4,2027 Week 45,,0,0,0,,
2027,46,2027W46,11/7/2027,11/13/2027,11,27-Nov,Q4,2027 Week 46,,0,0,0,,
2027,47,2027W47,11/14/2027,11/20/2027,11,27-Nov,Q4,2027 Week 47,,0,0,0,,
2027,48,2027W48,11/21/2027,11/27/2027,11,27-Nov,Q4,2027 Week 48,White Friday period,0,0,0,White Friday,
2027,49,2027W49,11/28/2027,12/4/2027,11,27-Nov,Q4,2027 Week 49,White Friday period,0,1,0,White Friday; UAE National Day,UAE National Day Sale
2027,50,2027W50,12/5/2027,12/11/2027,12,27-Dec,Q4,2027 Week 50,,0,0,0,,
2027,51,2027W51,12/12/2027,12/18/2027,12,27-Dec,Q4,2027 Week 51,,0,0,0,,
2027,52,2027W52,12/19/2027,12/25/2027,12,27-Dec,Q4,2027 Week 52,,0,0,0,,
2027,53,2027W53,12/26/2027,1/1/2028,12,27-Dec,Q4,2027 Week 53,,0,0,0,,
2028,2,2028W02,1/2/2028,1/8/2028,1,28-Jan,Q1,2028 Week 02,,,,,,
2028,3,2028W03,1/9/2028,1/15/2028,1,28-Jan,Q1,2028 Week 03,,,,,,
2028,4,2028W04,1/16/2028,1/22/2028,1,28-Jan,Q1,2028 Week 04,,,,,,
2028,5,2028W05,1/23/2028,1/29/2028,1,28-Jan,Q1,2028 Week 05,,,,,,
2028,6,2028W06,1/30/2028,2/5/2028,1,28-Jan,Q1,2028 Week 06,,,,,,
2028,7,2028W07,2/6/2028,2/12/2028,2,28-Feb,Q1,2028 Week 07,,,,,,
2028,8,2028W08,2/13/2028,2/19/2028,2,28-Feb,Q1,2028 Week 08,,,,,,
2028,9,2028W09,2/20/2028,2/26/2028,2,28-Feb,Q1,2028 Week 09,,,,,,
2028,10,2028W10,2/27/2028,3/4/2028,2,28-Feb,Q1,2028 Week 10,,,,,,
2028,11,2028W11,3/5/2028,3/11/2028,3,28-Mar,Q1,2028 Week 11,,,,,,
2028,12,2028W12,3/12/2028,3/18/2028,3,28-Mar,Q1,2028 Week 12,,,,,,
2028,13,2028W13,3/19/2028,3/25/2028,3,28-Mar,Q1,2028 Week 13,,,,,,
2028,14,2028W14,3/26/2028,4/1/2028,3,28-Mar,Q1,2028 Week 14,,,,,,
2028,15,2028W15,4/2/2028,4/8/2028,4,28-Apr,Q2,2028 Week 15,,,,,,
2028,16,2028W16,4/9/2028,4/15/2028,4,28-Apr,Q2,2028 Week 16,,,,,,
2028,17,2028W17,4/16/2028,4/22/2028,4,28-Apr,Q2,2028 Week 17,,,,,,
2028,18,2028W18,4/23/2028,4/29/2028,4,28-Apr,Q2,2028 Week 18,,,,,,
2028,19,2028W19,4/30/2028,5/6/2028,4,28-Apr,Q2,2028 Week 19,,,,,,
2028,20,2028W20,5/7/2028,5/13/2028,5,28-May,Q2,2028 Week 20,,,,,,
2028,21,2028W21,5/14/2028,5/20/2028,5,28-May,Q2,2028 Week 21,,,,,,
2028,22,2028W22,5/21/2028,5/27/2028,5,28-May,Q2,2028 Week 22,,,,,,
2028,23,2028W23,5/28/2028,6/3/2028,5,28-May,Q2,2028 Week 23,,,,,,
2028,24,2028W24,6/4/2028,6/10/2028,6,28-Jun,Q2,2028 Week 24,,,,,,
2028,25,2028W25,6/11/2028,6/17/2028,6,28-Jun,Q2,2028 Week 25,,,,,,
2028,26,2028W26,6/18/2028,6/24/2028,6,28-Jun,Q2,2028 Week 26,,,,,,
2028,27,2028W27,6/25/2028,7/1/2028,6,28-Jun,Q2,2028 Week 27,,,,,,
2028,28,2028W28,7/2/2028,7/8/2028,7,28-Jul,Q3,2028 Week 28,,,,,,
2028,29,2028W29,7/9/2028,7/15/2028,7,28-Jul,Q3,2028 Week 29,,,,,,
2028,30,2028W30,7/16/2028,7/22/2028,7,28-Jul,Q3,2028 Week 30,,,,,,
2028,31,2028W31,7/23/2028,7/29/2028,7,28-Jul,Q3,2028 Week 31,,,,,,
2028,32,2028W32,7/30/2028,8/5/2028,7,28-Jul,Q3,2028 Week 32,,,,,,
2028,33,2028W33,8/6/2028,8/12/2028,8,28-Aug,Q3,2028 Week 33,,,,,,
2028,34,2028W34,8/13/2028,8/19/2028,8,28-Aug,Q3,2028 Week 34,,,,,,
2028,35,2028W35,8/20/2028,8/26/2028,8,28-Aug,Q3,2028 Week 35,,,,,,
2028,36,2028W36,8/27/2028,9/2/2028,8,28-Aug,Q3,2028 Week 36,,,,,,
2028,37,2028W37,9/3/2028,9/9/2028,9,28-Sep,Q3,2028 Week 37,,,,,,
2028,38,2028W38,9/10/2028,9/16/2028,9,28-Sep,Q3,2028 Week 38,,,,,,
2028,39,2028W39,9/17/2028,9/23/2028,9,28-Sep,Q3,2028 Week 39,,,,,,
2028,40,2028W40,9/24/2028,9/30/2028,9,28-Sep,Q3,2028 Week 40,,,,,,
2028,41,2028W41,10/1/2028,10/7/2028,10,28-Oct,Q4,2028 Week 41,,,,,,
2028,42,2028W42,10/8/2028,10/14/2028,10,28-Oct,Q4,2028 Week 42,,,,,,
2028,43,2028W43,10/15/2028,10/21/2028,10,28-Oct,Q4,2028 Week 43,,,,,,
2028,44,2028W44,10/22/2028,10/28/2028,10,28-Oct,Q4,2028 Week 44,,,,,,
2028,45,2028W45,10/29/2028,11/4/2028,10,28-Oct,Q4,2028 Week 45,,,,,,
2028,46,2028W46,11/5/2028,11/11/2028,11,28-Nov,Q4,2028 Week 46,,,,,,
2028,47,2028W47,11/12/2028,11/18/2028,11,28-Nov,Q4,2028 Week 47,,,,,,
2028,48,2028W48,11/19/2028,11/25/2028,11,28-Nov,Q4,2028 Week 48,,,,,,
2028,49,2028W49,11/26/2028,12/2/2028,11,28-Nov,Q4,2028 Week 49,,,,,,
2028,50,2028W50,12/3/2028,12/9/2028,12,28-Dec,Q4,2028 Week 50,,,,,,
2028,51,2028W51,12/10/2028,12/16/2028,12,28-Dec,Q4,2028 Week 51,,,,,,
2028,52,2028W52,12/17/2028,12/23/2028,12,28-Dec,Q4,2028 Week 52,,,,,,
2028,53,2028W53,12/24/2028,12/30/2028,12,28-Dec,Q4,2028 Week 53,,,,,,
2028,54,2028W54,12/31/2028,1/6/2029,12,28-Dec,Q4,2028 Week 54,,,,,,
2029,2,2029W02,1/7/2029,1/13/2029,1,29-Jan,Q1,2029 Week 02,,,,,,
2029,3,2029W03,1/14/2029,1/20/2029,1,29-Jan,Q1,2029 Week 03,,,,,,
2029,4,2029W04,1/21/2029,1/27/2029,1,29-Jan,Q1,2029 Week 04,,,,,,
2029,5,2029W05,1/28/2029,2/3/2029,1,29-Jan,Q1,2029 Week 05,,,,,,
2029,6,2029W06,2/4/2029,2/10/2029,2,Feb-29,Q1,2029 Week 06,,,,,,
2029,7,2029W07,2/11/2029,2/17/2029,2,Feb-29,Q1,2029 Week 07,,,,,,
2029,8,2029W08,2/18/2029,2/24/2029,2,Feb-29,Q1,2029 Week 08,,,,,,
2029,9,2029W09,2/25/2029,3/3/2029,2,Feb-29,Q1,2029 Week 09,,,,,,
2029,10,2029W10,3/4/2029,3/10/2029,3,29-Mar,Q1,2029 Week 10,,,,,,
2029,11,2029W11,3/11/2029,3/17/2029,3,29-Mar,Q1,2029 Week 11,,,,,,
2029,12,2029W12,3/18/2029,3/24/2029,3,29-Mar,Q1,2029 Week 12,,,,,,
2029,13,2029W13,3/25/2029,3/31/2029,3,29-Mar,Q1,2029 Week 13,,,,,,
2029,14,2029W14,4/1/2029,4/7/2029,4,29-Apr,Q2,2029 Week 14,,,,,,
2029,15,2029W15,4/8/2029,4/14/2029,4,29-Apr,Q2,2029 Week 15,,,,,,
2029,16,2029W16,4/15/2029,4/21/2029,4,29-Apr,Q2,2029 Week 16,,,,,,
2029,17,2029W17,4/22/2029,4/28/2029,4,29-Apr,Q2,2029 Week 17,,,,,,
2029,18,2029W18,4/29/2029,5/5/2029,4,29-Apr,Q2,2029 Week 18,,,,,,
2029,19,2029W19,5/6/2029,5/12/2029,5,29-May,Q2,2029 Week 19,,,,,,
2029,20,2029W20,5/13/2029,5/19/2029,5,29-May,Q2,2029 Week 20,,,,,,
2029,21,2029W21,5/20/2029,5/26/2029,5,29-May,Q2,2029 Week 21,,,,,,
2029,22,2029W22,5/27/2029,6/2/2029,5,29-May,Q2,2029 Week 22,,,,,,
2029,23,2029W23,6/3/2029,6/9/2029,6,29-Jun,Q2,2029 Week 23,,,,,,
2029,24,2029W24,6/10/2029,6/16/2029,6,29-Jun,Q2,2029 Week 24,,,,,,
2029,25,2029W25,6/17/2029,6/23/2029,6,29-Jun,Q2,2029 Week 25,,,,,,
2029,26,2029W26,6/24/2029,6/30/2029,6,29-Jun,Q2,2029 Week 26,,,,,,
2029,27,2029W27,7/1/2029,7/7/2029,7,29-Jul,Q3,2029 Week 27,,,,,,
2029,28,2029W28,7/8/2029,7/14/2029,7,29-Jul,Q3,2029 Week 28,,,,,,
2029,29,2029W29,7/15/2029,7/21/2029,7,29-Jul,Q3,2029 Week 29,,,,,,
2029,30,2029W30,7/22/2029,7/28/2029,7,29-Jul,Q3,2029 Week 30,,,,,,
2029,31,2029W31,7/29/2029,8/4/2029,7,29-Jul,Q3,2029 Week 31,,,,,,
2029,32,2029W32,8/5/2029,8/11/2029,8,29-Aug,Q3,2029 Week 32,,,,,,
2029,33,2029W33,8/12/2029,8/18/2029,8,29-Aug,Q3,2029 Week 33,,,,,,
2029,34,2029W34,8/19/2029,8/25/2029,8,29-Aug,Q3,2029 Week 34,,,,,,
2029,35,2029W35,8/26/2029,9/1/2029,8,29-Aug,Q3,2029 Week 35,,,,,,
2029,36,2029W36,9/2/2029,9/8/2029,9,29-Sep,Q3,2029 Week 36,,,,,,
2029,37,2029W37,9/9/2029,9/15/2029,9,29-Sep,Q3,2029 Week 37,,,,,,
2029,38,2029W38,9/16/2029,9/22/2029,9,29-Sep,Q3,2029 Week 38,,,,,,
2029,39,2029W39,9/23/2029,9/29/2029,9,29-Sep,Q3,2029 Week 39,,,,,,
2029,40,2029W40,9/30/2029,10/6/2029,9,29-Sep,Q3,2029 Week 40,,,,,,
2029,41,2029W41,10/7/2029,10/13/2029,10,29-Oct,Q4,2029 Week 41,,,,,,
2029,42,2029W42,10/14/2029,10/20/2029,10,29-Oct,Q4,2029 Week 42,,,,,,
2029,43,2029W43,10/21/2029,10/27/2029,10,29-Oct,Q4,2029 Week 43,,,,,,
2029,44,2029W44,10/28/2029,11/3/2029,10,29-Oct,Q4,2029 Week 44,,,,,,
2029,45,2029W45,11/4/2029,11/10/2029,11,29-Nov,Q4,2029 Week 45,,,,,,
2029,46,2029W46,11/11/2029,11/17/2029,11,29-Nov,Q4,2029 Week 46,,,,,,
2029,47,2029W47,11/18/2029,11/24/2029,11,29-Nov,Q4,2029 Week 47,,,,,,
2029,48,2029W48,11/25/2029,12/1/2029,11,29-Nov,Q4,2029 Week 48,,,,,,
2029,49,2029W49,12/2/2029,12/8/2029,12,29-Dec,Q4,2029 Week 49,,,,,,
2029,50,2029W50,12/9/2029,12/15/2029,12,29-Dec,Q4,2029 Week 50,,,,,,
2029,51,2029W51,12/16/2029,12/22/2029,12,29-Dec,Q4,2029 Week 51,,,,,,
2029,52,2029W52,12/23/2029,12/29/2029,12,29-Dec,Q4,2029 Week 52,,,,,,
2029,53,2029W53,12/30/2029,1/5/2030,12,29-Dec,Q4,2029 Week 53,,,,,,
2030,2,2030W02,1/6/2030,1/12/2030,1,30-Jan,Q1,2030 Week 02,,,,,,
2030,3,2030W03,1/13/2030,1/19/2030,1,30-Jan,Q1,2030 Week 03,,,,,,
2030,4,2030W04,1/20/2030,1/26/2030,1,30-Jan,Q1,2030 Week 04,,,,,,
2030,5,2030W05,1/27/2030,2/2/2030,1,30-Jan,Q1,2030 Week 05,,,,,,
2030,6,2030W06,2/3/2030,2/9/2030,2,Feb-30,Q1,2030 Week 06,,,,,,
2030,7,2030W07,2/10/2030,2/16/2030,2,Feb-30,Q1,2030 Week 07,,,,,,
2030,8,2030W08,2/17/2030,2/23/2030,2,Feb-30,Q1,2030 Week 08,,,,,,
2030,9,2030W09,2/24/2030,3/2/2030,2,Feb-30,Q1,2030 Week 09,,,,,,
2030,10,2030W10,3/3/2030,3/9/2030,3,30-Mar,Q1,2030 Week 10,,,,,,
2030,11,2030W11,3/10/2030,3/16/2030,3,30-Mar,Q1,2030 Week 11,,,,,,
2030,12,2030W12,3/17/2030,3/23/2030,3,30-Mar,Q1,2030 Week 12,,,,,,
2030,13,2030W13,3/24/2030,3/30/2030,3,30-Mar,Q1,2030 Week 13,,,,,,
2030,14,2030W14,3/31/2030,4/6/2030,3,30-Mar,Q1,2030 Week 14,,,,,,
2030,15,2030W15,4/7/2030,4/13/2030,4,30-Apr,Q2,2030 Week 15,,,,,,
2030,16,2030W16,4/14/2030,4/20/2030,4,30-Apr,Q2,2030 Week 16,,,,,,
2030,17,2030W17,4/21/2030,4/27/2030,4,30-Apr,Q2,2030 Week 17,,,,,,
2030,18,2030W18,4/28/2030,5/4/2030,4,30-Apr,Q2,2030 Week 18,,,,,,
2030,19,2030W19,5/5/2030,5/11/2030,5,30-May,Q2,2030 Week 19,,,,,,
2030,20,2030W20,5/12/2030,5/18/2030,5,30-May,Q2,2030 Week 20,,,,,,
2030,21,2030W21,5/19/2030,5/25/2030,5,30-May,Q2,2030 Week 21,,,,,,
2030,22,2030W22,5/26/2030,6/1/2030,5,30-May,Q2,2030 Week 22,,,,,,
2030,23,2030W23,6/2/2030,6/8/2030,6,30-Jun,Q2,2030 Week 23,,,,,,
2030,24,2030W24,6/9/2030,6/15/2030,6,30-Jun,Q2,2030 Week 24,,,,,,
2030,25,2030W25,6/16/2030,6/22/2030,6,30-Jun,Q2,2030 Week 25,,,,,,
2030,26,2030W26,6/23/2030,6/29/2030,6,30-Jun,Q2,2030 Week 26,,,,,,
2030,27,2030W27,6/30/2030,7/6/2030,6,30-Jun,Q2,2030 Week 27,,,,,,
2030,28,2030W28,7/7/2030,7/13/2030,7,30-Jul,Q3,2030 Week 28,,,,,,
2030,29,2030W29,7/14/2030,7/20/2030,7,30-Jul,Q3,2030 Week 29,,,,,,
2030,30,2030W30,7/21/2030,7/27/2030,7,30-Jul,Q3,2030 Week 30,,,,,,
2030,31,2030W31,7/28/2030,8/3/2030,7,30-Jul,Q3,2030 Week 31,,,,,,
2030,32,2030W32,8/4/2030,8/10/2030,8,30-Aug,Q3,2030 Week 32,,,,,,
2030,33,2030W33,8/11/2030,8/17/2030,8,30-Aug,Q3,2030 Week 33,,,,,,
2030,34,2030W34,8/18/2030,8/24/2030,8,30-Aug,Q3,2030 Week 34,,,,,,
2030,35,2030W35,8/25/2030,8/31/2030,8,30-Aug,Q3,2030 Week 35,,,,,,
2030,36,2030W36,9/1/2030,9/7/2030,9,30-Sep,Q3,2030 Week 36,,,,,,
2030,37,2030W37,9/8/2030,9/14/2030,9,30-Sep,Q3,2030 Week 37,,,,,,
2030,38,2030W38,9/15/2030,9/21/2030,9,30-Sep,Q3,2030 Week 38,,,,,,
2030,39,2030W39,9/22/2030,9/28/2030,9,30-Sep,Q3,2030 Week 39,,,,,,
2030,40,2030W40,9/29/2030,10/5/2030,9,30-Sep,Q3,2030 Week 40,,,,,,
2030,41,2030W41,10/6/2030,10/12/2030,10,30-Oct,Q4,2030 Week 41,,,,,,
2030,42,2030W42,10/13/2030,10/19/2030,10,30-Oct,Q4,2030 Week 42,,,,,,
2030,43,2030W43,10/20/2030,10/26/2030,10,30-Oct,Q4,2030 Week 43,,,,,,
2030,44,2030W44,10/27/2030,11/2/2030,10,30-Oct,Q4,2030 Week 44,,,,,,
2030,45,2030W45,11/3/2030,11/9/2030,11,30-Nov,Q4,2030 Week 45,,,,,,
2030,46,2030W46,11/10/2030,11/16/2030,11,30-Nov,Q4,2030 Week 46,,,,,,
2030,47,2030W47,11/17/2030,11/23/2030,11,30-Nov,Q4,2030 Week 47,,,,,,
2030,48,2030W48,11/24/2030,11/30/2030,11,30-Nov,Q4,2030 Week 48,,,,,,
2030,49,2030W49,12/1/2030,12/7/2030,12,30-Dec,Q4,2030 Week 49,,,,,,
2030,50,2030W50,12/8/2030,12/14/2030,12,30-Dec,Q4,2030 Week 50,,,,,,
2030,51,2030W51,12/15/2030,12/21/2030,12,30-Dec,Q4,2030 Week 51,,,,,,
2030,52,2030W52,12/22/2030,12/28/2030,12,30-Dec,Q4,2030 Week 52,,,,,,
2030,53,2030W53,12/29/2030,1/4/2031,12,30-Dec,Q4,2030 Week 53,,,,,,
